Unnamed: 0,postUrl,description,commentCount,pubDate,username,postId
43,https://www.instagram.com/p/CLiyNF6n1Nv/,"He had reportedly spent three hours on the cliff with his wife, waiting for a moment when people were not around, a court indictment noted. #linkinbio 

Photo from Unsplash",168,2021-02-21T06:03:41.000Z,mothershipsg,2.51e+18
83,https://www.instagram.com/p/CLWieWxnkQ6/,"This brings the total number of cases to 59,810. #linkinbio

Photo from Josephine Teo / FB",22,2021-02-16T11:55:20.000Z,mothershipsg,2.51e+18
403,https://www.instagram.com/p/CKThSa4gUd6/,"‚ÄúVery happy to be working with him‚Äù. ‚Ä®

Gan Kim Yong and Lawrence Wong took a moment to show appreciation to one another. Awwwww.",61,2021-01-21T11:16:49.000Z,mothershipsg,2.49e+18
532,https://www.instagram.com/p/CJ290xoHK_4/,"Y'all better step up your game. #linkinbio 

Photos via momothedinoo/Twitter.",601,2021-01-10T09:07:14.000Z,mothershipsg,2.48e+18
630,https://www.instagram.com/p/CJhz0genBEG/,"Was there a moment where it wasn‚Äôt raining? #linkinbio

Photo courtesy of Pearlyn Pang",122,2021-01-02T03:55:46.000Z,mothershipsg,2.48e+18
817,https://www.instagram.com/p/CIz4xOrncVF/,"The locally-transmitted case resides in a dormitory.

Based on MOH's investigations so far, there are no new cases in the community. #linkinbio 

Photo from Clean and Green Singapore/FB.",32,2020-12-15T07:53:57.000Z,mothershipsg,2.46e+18
855,https://www.instagram.com/p/CIpsL77H_FZ/,"There is one new case of locally-transmitted Covid-19 infection, residing in a dormitory. #linkinbio

Photo from Sungei Tengah Lodge website",23,2020-12-11T08:51:36.000Z,mothershipsg,2.46e+18
911,https://www.instagram.com/p/CIdZAo4nZdC/,"The accident involved a car colliding into a bus carrying 21 male passengers who are believed to be foreign workers. #linkinbio 

Image by Adrian Tan.",68,2020-12-06T14:13:08.000Z,mothershipsg,2.46e+18
1272,https://www.instagram.com/p/CHZzZmpnBKK/,"There are two new cases of locally-transmitted Covid-19 infection. One is in the community, and one resides in a dormitory. #linkinbio

Photo from Clean & Green Singapore / FB",45,2020-11-10T08:15:23.000Z,mothershipsg,2.44e+18
1305,https://www.instagram.com/p/CHS-3NiHKg1/,"Historic moment. CNN called the win for Biden at around 12:27am Singapore time. #linkinbio

Photo from JIM WATSON/AFP via Getty Images",576,2020-11-07T16:40:52.000Z,mothershipsg,2.44e+18
1431,https://www.instagram.com/p/CG9dsJOnHGl/,"There are two new cases of locally transmitted Covid-19 infection. Based on investigations so far, one is in the community, and one resides in a dormitory.

There are also seven imported cases. #linkinbio

Photo from dreamstime.com",65,2020-10-30T08:06:56.000Z,mothershipsg,2.43e+18
1464,https://www.instagram.com/p/CG4ecDSHbWy/,"According to MOH, out of the seven new cases, none of them are from the community or the dormitories. Instead, they are all imported cases. #linkinbio

Photo from NUH / FB",73,2020-10-28T09:37:17.000Z,mothershipsg,2.43e+18
1477,https://www.instagram.com/p/CG1vpYnHGhF/,"There are seven new cases, one of them is in the community.

There are no new cases in the dormitories. In addition, there are six imported cases. #linkinbio

Photo from Unsplash",35,2020-10-27T08:09:56.000Z,mothershipsg,2.43e+18
1489,https://www.instagram.com/p/CGzbJL0HNMe/,"Omg we can‚Äôt even. #linkinbio

Photos from Hajun_mommy / IG",248,2020-10-26T10:32:17.000Z,mothershipsg,2.43e+18
1493,https://www.instagram.com/p/CGzMzujHe9z/,"The new cases include one case of locally transmitted Covid-19 infection, who resided in a dormitory.

In addition, there are two imported cases. #linkinbio

Photo from Pixabay",60,2020-10-26T08:27:01.000Z,mothershipsg,2.43e+18
1606,https://www.instagram.com/p/CGeySdlHlrh/,"‚ÄúSometimes I think it would be great if we have alarms to remind us to sleep instead of to wake up.

Amidst our hectic schedule, perhaps we should take a moment to reflect on whether we are experiencing our lives consciously with passion and meaning, or if we are merely surviving, unconsciously and dispassionately.‚Äù #linkinbio 

Image via The Birthday Collective.",114,2020-10-18T10:10:29.000Z,mothershipsg,2.42e+18
1607,https://www.instagram.com/p/CGef_x-nzEh/,"There are two new cases of locally transmitted Covid-19 infection. One in the community and one in a dormitory.

In addition, there are five imported cases who have been placed on Stay-Home Notice upon arrival in Singapore. #linkinbio

Photo from JurongHealth Campus / FB",24,2020-10-18T07:30:38.000Z,mothershipsg,2.42e+18
1612,https://www.instagram.com/p/CGcpTtInJBw/,"Error 404: Mom not found üòî #linkinbio 

Image via POWER 98 Love Songs/FB.",260,2020-10-17T14:13:31.000Z,mothershipsg,2.42e+18
1675,https://www.instagram.com/p/CGRqMXKHWKJ/,"This brings the total number of cases in Singapore to 57,884.

This is the first time no dormitory cases were reported since cases in migrant worker dormitories started spiking earlier this year. #linkinbio

Photo Kingsley Yang / Unsplash",44,2020-10-13T07:49:37.000Z,mothershipsg,2.42e+18
1779,https://www.instagram.com/p/CF9RZrHHnUe/,"Of the 6 locally transmitted cases, 1 is in the community and 5 reside in dormitories.

In addition, there is one imported case, who had been place on stay-home notice upon arrival in singapore. #linkinbio

Photo from Lauryn Ishak/Bloomberg via Getty Images",43,2020-10-05T09:48:10.000Z,mothershipsg,2.41e+18
1835,https://www.instagram.com/p/CF05dh6AWgK/,"Is living with HIV a death sentence? 24-year-old Calvin, who contracted HIV at 19, walked us through the moment he discovered he had the virus, the dark place he descended to, and how he plans to live his life from now on. Click the #linkinbio to hear the full episode.

Timestamps in case you wish to skip to the segments:
 - Introduction (0:34)
 - Family and Friends, The first few years into HIV (11:11)
 - Changes in life, Challenges and living with HIV (19:30)",24,2020-10-02T03:45:17.000Z,mothershipsg,2.41e+18
1861,https://www.instagram.com/p/CFtwscRnCu9/,"There is only one case ‚Äî a work pass holder ‚Äî in the community.

There are also nine imported cases, who had all been placed on Stay-Home Notice upon arrival in Singapore. #linkinbio

Photo from MOM / FB",22,2020-09-29T09:13:46.000Z,mothershipsg,2.41e+18
1982,https://www.instagram.com/p/CFXE2Cmnrl5/,"Several rooms at Jurong Penjuru Dormitory 1 had no laundry facilities.

Two rooms had no fans.

Several shower points had no doors or curtains.

Faulty toilet bowls, damaged partition walls or missing or damaged lights were found in 12 rooms. #linkinbio

Photo from Google Maps",139,2020-09-20T13:47:18.000Z,mothershipsg,2.4e+18
2086,https://www.instagram.com/p/CFB86KZHwMB/,"This brings the total number of cases in Singapore to 57,271. #linkinbio

Photo from Josephine Teo/FB.",43,2020-09-12T08:53:55.000Z,mothershipsg,2.4e+18
2089,https://www.instagram.com/p/CFAKQEXnMjc/,"Boon Keng residents don‚Äôt need to bat an eyelid anymore. #linkinbio

Photo from Josephine Teo / FB and Andrew Morffew / Flickr",109,2020-09-11T16:12:01.000Z,mothershipsg,2.4e+18
2185,https://www.instagram.com/p/CEtr4dchwVY/,"""Shag.""
""Intense.""
""Fascinating.""
""Life-changing.""

... were some of the answers when we asked new parliamentarians @carrietancares, @leong.munwai, @destankm and @fahmialimansg to describe their GE2020 experience in 3 words. They also shared what their most memorable moment during the election was.",6,2020-09-04T12:00:43.000Z,mothershipsg,2.39e+18
2190,https://www.instagram.com/p/CEtBAUzhmJR/,"""There's no doubt that at this very moment, such a policy may not be ideal, but let us come together and agree that this is a principle that we want to roll out.""

Jamus Lim gave clarifications on WP's minimum wage idea in Parliament, after he delivered his maiden speech and was met with questions from PAP MPs.",166,2020-09-04T05:45:54.000Z,mothershipsg,2.39e+18
2219,https://www.instagram.com/p/CEo7TK1nTpZ/,"The newly-elected Jamus Lim rose to seek a clarification from Manpower Minister Josephine Teo after the end of her speech. #linkinbio 

Image via CNA.",67,2020-09-02T15:38:50.000Z,mothershipsg,2.39e+18
2239,https://www.instagram.com/p/CEmMzKHn1i6/,Sengkang GRC MP Jamus Lim sought clarification from Manpower Minister Josephine Teo on the effectiveness of the recent Employment and S Pass measures.,208,2020-09-01T14:15:13.000Z,mothershipsg,2.39e+18
2240,https://www.instagram.com/p/CEmEZwyHdU3/,"There will be no physical National Day Rally this year due to Covid-19, and PM Lee will make his ""major speech"" in Parliament instead. 

From Lee Kuan Yew ranking his leaders, to Goh Chok Tong telling Phua Chu Kang to speak proper English, and Lee Hsien Loong's fishball stick story, here are some of the most iconic moments from previous rallies' speeches by our PMs.",30,2020-09-01T13:01:47.000Z,mothershipsg,2.39e+18
2241,https://www.instagram.com/p/CEmBFKznqGw/,Minister for Manpower Josephine Teo turned emotional while wrapping up a speech on job anxieties among Singaporeans in Parliament on Sept. 1. She said the government understood the concerns about fair treatment and opportunities of PMETs in their 40s and 50s.,164,2020-09-01T12:36:14.000Z,mothershipsg,2.39e+18
2242,https://www.instagram.com/p/CElu5PYHegN/,"This brings the total number of cases in Singapore to 56,852.

There is only one case in the community, who is a Work Pass holder. #linkinbio

Photo from Josephine Teo / FB",229,2020-09-01T09:52:43.000Z,mothershipsg,2.39e+18
2317,https://www.instagram.com/p/CEW2s3ynZnH/,"Here are all the things you need to know from today's addenda to the President's Address for the new term of government from MTI, MOM, MCI, and MAS and NRF.

Jobs, the economy, 5G, and money.

TL;DR: The ministries' plans for the coming years.",23,2020-08-26T15:14:00.000Z,mothershipsg,2.38e+18
2343,https://www.instagram.com/p/CETRB1jF5vA/,"The dormitory conundrum: What does it take to improve the living conditions of migrant workers? And how are Singaporeans contributing to the already complicated situation?

We find out more from Johnathan Cheah, the founder of S11 group. Identified as a cluster on Mar. 30, S11 @ Punggol was the largest Covid-19 cluster in Singapore. The cluster was closed on Aug. 8.",11,2020-08-25T05:46:56.000Z,mothershipsg,2.38e+18
2345,https://www.instagram.com/p/CERgk6mHbUu/,"It's the dawn of a new term.

But before it begins, here‚Äôs a recap of the most memorable moments from 13th Parliament of Singapore.",69,2020-08-24T13:26:19.000Z,mothershipsg,2.38e+18
2348,https://www.instagram.com/p/CEQqKOlHNtb/,"""April 7,"" says Li Jiang (not his real name), a 43-year-old lorry driver. That's the day his dormitory was shut from the outside world.

""We could still walk along the corridors and go downstairs, but we couldn't leave through that main gate that you just entered,"" he says.

Twice a day, the dormitory residents had to scan a QR code in their rooms to prove that they were physically there. Failure to do so would result in the cancellation of their work permits and deportation back to their home countries.

Still, Li counts himself luckier than some. Even though he was not able to work during the lockdown, his employer paid him S$750 from April to June, thanks to the Foreign Worker Levy waiver and rebates that he received from the government. #linkinbio

Photo by Joshua Lee",263,2020-08-24T05:27:18.000Z,mothershipsg,2.38e+18
2405,https://www.instagram.com/p/CEGDz1XnC5M/,"MOM said that they have adopted a multi-layered strategy to prevent a second wave of infections in the cleared dormitories.

This includes implementing safe distancing measures in the dormitories, and grouping migrant workers in the dormitories according to the industry they work in. #linkinbio

Photo from MOM / FB",120,2020-08-20T02:39:47.000Z,mothershipsg,2.38e+18
2554,https://www.instagram.com/p/CDqk5jylRh9/,"This year's National Day Anthem Moment was held at 8 different spots across the country, with anchor ministers at each location. Mothership briefly spoke with Ministers Ong Ye Kung and Gan Kim Yong about what their favourite NDP song is, and why.",39,2020-08-09T10:30:52.000Z,mothershipsg,2.37e+18
2564,https://www.instagram.com/p/CDp1H7VHLZ3/,"Filmmaker Royston Tan (@filmr) is the Creative Director for this year's NDP. We showed him some of the memorable moments from past years' parades.

One of them made him cringe.",64,2020-08-09T03:34:43.000Z,mothershipsg,2.37e+18
2587,https://www.instagram.com/p/CDjBj9mnwpm/,"At a press conference on Aug. 6, Minister Lawrence Wong announced that testing at dormitories would be completed by Aug. 7, with the exception of several standalone blocks which serve as quarantine facilities.

He highlighted that workers who are currently in isolation would need to be tested before leaving quarantine facilities, and that it's possible ""volatile case numbers"" may come from this group over the next two weeks.",32,2020-08-06T12:08:19.000Z,mothershipsg,2.37e+18
2588,https://www.instagram.com/p/CDi_hWEnJEg/,"At a press conference on Aug. 6, Director of Medical Services, Associate Professor Kenneth Mak, addressed concerns on the mental health of migrant workers on lockdown in dormitories.

He shared that the taskforce is working with various domains to support migrant workers during the outbreak and are continuously looking at ways to reach out to them and to address their needs.",17,2020-08-06T11:49:58.000Z,mothershipsg,2.37e+18
2591,https://www.instagram.com/p/CDiv22EHVVR/,"This brings the total number of cases to 54,555.

There are four cases in the community.

Three are Singaporean/PR, and one is a Work Pass holder.

#linkinbio

Photo from MOM / FB",39,2020-08-06T09:32:01.000Z,mothershipsg,2.37e+18
2601,https://www.instagram.com/p/CDgCWwwHceG/,"MOH said that it expects the daily case counts to be high for the coming days before tapering down as the Inter-agency Taskforce completes the dormitory clearance.

There are four cases in the community. Three are Singaporean/PR, and one is a Work Pass holder.

#linkinbio

Photo from Clean and Green Singapore/Facebook",186,2020-08-05T08:15:56.000Z,mothershipsg,2.37e+18
2630,https://www.instagram.com/p/CDawro8Hhcp/,"Due to the overwhelming response, the team has announced on its Facebook page that their storage facilities are full at the moment, and that they will let everyone know when they can start donating again. #linkinbio

Photos from Giving & Taking free stuff / FB",54,2020-08-03T07:05:18.000Z,mothershipsg,2.37e+18
2655,https://www.instagram.com/p/CDWkPbrHnVA/,"The 27-year-old man is now in a safe and stable condition, according to MOM.

According to the MOM website, the dormitory has not been listed as a dormitory cleared of Covid-19.

#linkinbio

Photo from Singapore Eye / FB",197,2020-08-01T15:59:37.000Z,mothershipsg,2.37e+18
2763,https://www.instagram.com/p/CDD3OwlHOV6/,"Two of the cases are outside of dormitories, both of which are Work Pass holders.

There are also six new imported cases who had been placed on Stay-Home Notice upon arriving in Singapore.

#linkinbio

Photo from Lawrence Wong / FB",71,2020-07-25T09:39:59.000Z,mothershipsg,2.36e+18
2877,https://www.instagram.com/p/CCvg-KKDiKe/,"""There were these scenes of people coming together to celebrate. Ideally, they would have practised safe distancing. The people who were there - they know who they are, but I think the moment got the better of them and they perhaps forgot about some of these requirements.

But from the pictures I've seen, all of them were wearing masks. They may not have kept to the rule of 5, and if we can find out who they are, and we have a means to, we might be able to identify and take them to task.

Unfortunately, this appears to have happened in that particular incident, and I would imagine it will not be the end of it. There will be many other incidents where lapses do occur.""

Minister Lawrence Wong was responding to a question on whether Singapore should expect a pickup in the number of Covid-19 infections due to the queues and crowds gathering during GE2020.",81,2020-07-17T12:01:15.000Z,mothershipsg,2.36e+18
2991,https://www.instagram.com/p/CCTcfZ0ngLc/,"""I received an email and there was a person who wrote to me, and said that 'Oh, I saw you on TV and you were wearing bright red. Parliament is not a place to wear bright red'. So i said, 'Oh, okay. That's interesting'.
.
So, you know, people watch for these things, and I don't know that they apply the same attention to the male MPs as to the females, but that's the reality.""
.
20/20/20 is a video series where we have politicians answer 20 questions by 20 people in their 20s.
.
We got Josephine Teo, Minister of Manpower, to answer questions from youths on the Covid-19 outbreak in migrant worker dormitories, the effect of intense public scrutiny on her, women in politics and whether she still plays basketball like she used to.
.
üî¥ Want to watch more? Check out our latest videos on the upcoming General Elections on our #GE2020 microsite ‚û°Ô∏è http://ge2020.mothership.sg. You are welcome.",63,2020-07-06T14:30:30.000Z,mothershipsg,2.35e+18
3036,https://www.instagram.com/p/CCJQVYojz8t/,"Here are the 3 best moments from Jamus Lim during the live debate on Jul. 1, including a quick rebuttal to Dr. Vivian Balakrishnan.",296,2020-07-02T15:26:17.000Z,mothershipsg,2.34e+18
3073,https://www.instagram.com/p/CCF4wHDJhno/,"#GE2020 is here. But we haven't forgotten what happened in #GE2015.

Here are some of its finest moments.
.
.
üî¥ Want to watch more? Check out our latest videos on the upcoming General Elections on our #GE2020 microsite ‚û°Ô∏è http://ge2020.mothership.sg. You are welcome.",103,2020-07-01T08:00:46.000Z,mothershipsg,2.34e+18
3331,https://www.instagram.com/p/CBXhV62H4Zw/,"The majority of the reported infections are work permit holders residing in foreign worker dormitories. #linkinbio

Photo from SGH/FB.",41,2020-06-13T07:50:45.000Z,mothershipsg,2.33e+18
3334,https://www.instagram.com/p/CBVzIdLnYYU/,They were tested as part of the proactive surveillance of persons who work at dormitories.,19,2020-06-12T15:47:43.000Z,mothershipsg,2.33e+18
3467,https://www.instagram.com/p/CBDmEaIHA4z/,"Yep, it‚Äôs called the Singapore Together Pack.

The pack will include: ‚†Ä‚†Ä‚†Ä‚†Ä‚†Ä‚†Ä‚†Ä‚†Ä‚†Ä
üá∏üá¨A full-sized national cloth flag
üá∏üá¨A handheld version of the flag
üá∏üá¨Face masks
üá∏üá¨Iron-on patches for face masks
üá∏üá¨Thermometers
üá∏üá¨Hand sanitisers
üá∏üá¨A pledge card
üá∏üá¨Face tattoos
üá∏üá¨A snack and a drink from a local F&B company",115,2020-06-05T14:07:14.000Z,mothershipsg,2.32e+18
3483,https://www.instagram.com/p/CBAeHzED_hI/,"Gan Soon Peng is a Malaysian working at the Westlite Papan Dormitory, home to about 6,800 migrant workers. When Malaysia announced the MCO on Mar. 18, Gan's commitment to his work compelled him to stay in Singapore, despite not knowing when he would see his family again.

#smolfeature",11,2020-06-04T09:00:31.000Z,mothershipsg,2.32e+18
3557,https://www.instagram.com/p/CA5JUseH2YF/,"To prevent possible reinfection and widespread transmission, Minister for Manpower Josephine Teo mentioned on Jun. 1 that MOM has also worked with DSTA and GovTech on the SG Workpass app, which gives workers a green 'cleared' status to enter the workplace once approval has been granted to both their employer and their dormitory.",42,2020-06-01T12:47:43.000Z,mothershipsg,2.32e+18
3568,https://www.instagram.com/p/CA0mz5BnkDy/,"As of May 30, 11:15pm, there are over 6 million Covid-19 cases worldwide. ‚†Ä‚†Ä‚†Ä‚†Ä‚†Ä‚†Ä‚†Ä‚†Ä ‚†Ä‚†Ä‚†Ä‚†Ä‚†Ä‚†Ä‚†Ä‚†Ä ‚†Ä‚†Ä‚†Ä‚†Ä‚†Ä‚†Ä‚†Ä‚†Ä
The U.S. remains the most affected country in the world, with 1.8 million cases, and over 100,000 deaths, while Brazil is catching up, with slightly more reported cases than the U.S. on May 30.

On May 30, Singapore reported 506 new Covid-19 cases, with a total of 34,366 cases thus far. In total, more than 20,000 cases have been discharged from either hospitals or Community Care Facilities. [Please see Page 2 for Singapore's Covid-19 situation.]",36,2020-05-30T18:25:07.000Z,mothershipsg,2.32e+18
3612,https://www.instagram.com/p/CAus1-HnSaa/,"The majority of the reported infections continue to be work permit holders residing in foreign worker dormitories. #linkinbio

Photo from NUH/FB.",33,2020-05-28T11:22:23.000Z,mothershipsg,2.32e+18
3641,https://www.instagram.com/p/CApWN1AHW92/,"Can earn money while searching for a job. #linkinbio

Photo from Ministry of Manpower/FB.",41,2020-05-26T09:28:27.000Z,mothershipsg,2.32e+18
3653,https://www.instagram.com/p/CAmyOBTHCEd/,"Majority of the reported infections continue to be work permit holders residing in foreign worker dormitories. #linkinbio ‚†Ä‚†Ä‚†Ä‚†Ä‚†Ä‚†Ä‚†Ä‚†Ä ‚†Ä‚†Ä‚†Ä‚†Ä‚†Ä‚†Ä‚†Ä‚†Ä ‚†Ä‚†Ä‚†Ä‚†Ä‚†Ä‚†Ä‚†Ä‚†Ä
Image via NEA/FB.",71,2020-05-25T09:35:26.000Z,mothershipsg,2.32e+18
3672,https://www.instagram.com/p/CAhgZseHNyD/,"The majority of the reported infections continue to be work permit holders residing in foreign worker dormitories. #linkinbio

Photo from TTSH/FB.",52,2020-05-23T08:23:32.000Z,mothershipsg,2.32e+18
3716,https://www.instagram.com/p/CAcTcu2nVFD/,"[JUST IN] Majority of the reported infections continue to be work permit holders residing in foreign worker dormitories.

#linkinbio

Photo from TTSH / FB",97,2020-05-21T07:54:09.000Z,mothershipsg,2.31e+18
3734,https://www.instagram.com/p/CAZq1_2HbPz/,"[JUST IN] The total number of Covid-19 cases in Singapore is now 29,364. #linkinbio

Photo via Ministry of Manpower.",51,2020-05-20T07:20:51.000Z,mothershipsg,2.31e+18
3737,https://www.instagram.com/p/CAZXF85niZ4/,"At the moment, the NDP committee is operating on the assumption that the show will be broadcasted live with no spectators. #linkinbio

Image from The Star Performing Arts Centre.",308,2020-05-20T04:28:16.000Z,mothershipsg,2.31e+18
3747,https://www.instagram.com/p/CAX4yJyHDFu/,"530 more cases have been discharged from hospitals or community isolation facilities.

In total, 10,365 have recovered from the virus and have been discharged from hospitals or community care facilities. #linkinbio 
Photo from Gleneagles Hospital.",8,2020-05-19T14:44:11.000Z,mothershipsg,2.31e+18
3865,https://www.instagram.com/p/CAIbaLznpYX/,"A total of 958 Covid-19 patients were also discharged on the same day, making it the highest number of discharged cases in a single day.

In total, 4,809 have fully recovered from the infection and have been discharged from hospitals or community care facilities. #linkinbio

Photo screenshot from Google Maps.",86,2020-05-13T14:38:54.000Z,mothershipsg,2.31e+18
3883,https://www.instagram.com/p/CAFidB_nPO0/,"In a press conference on May 12, Director of Medical Services Kenneth Mak said that this diversification is to help ensure that Singapore has sufficient capacity for testing now, and in the future. 
In the same press conference, Minister Lawrence Wong mentioned that more than 32,000 workers in dormitories have been tested, which is about 10% of the total number of workers in the dormitories to be tested.

It was announced previously that around 8,000 tests are now conducted daily.",25,2020-05-12T11:52:44.000Z,mothershipsg,2.31e+18
3894,https://www.instagram.com/p/CAFD9S0HLM2/,"JUST IN: There are three Singaporeans or Permanent Residents among the confirmed cases.

The majority of the cases are Work Permit holders residing in foreign worker dormitories.

This brings the total number of cases in Singapore to 24,671. #linkinbio

Image from Clean and Green Singapore.",106,2020-05-12T07:16:15.000Z,mothershipsg,2.31e+18
3931,https://www.instagram.com/p/CAAi6S0J5Ek/,"A/Prof. Zubair Amin is among the 800 medical staff from the National University Health System (NUHS) who are volunteering their time to provide on-site medical treatment in foreign worker dormitories. He shares his experiences and observations from his interactions with workers at Sungei Tengah Lodge.

Read more here: https://mothership.sg/‚Ä¶/zubair-amin-do‚Ä¶/",6,2020-05-10T13:10:59.000Z,mothershipsg,2.31e+18
3950,https://www.instagram.com/p/B_9cxGKHWIz/,"This brings the total number of reported cases in Singapore to 22,460.

Nine of the new cases reported today are Singaporeans or Permanent residents.

The majority of the cases are Work Permit holders residing in foreign worker dormitories. #linkinbio

Photo from Clean & Green Singapore.",84,2020-05-09T08:19:07.000Z,mothershipsg,2.31e+18
3962,https://www.instagram.com/p/B_7tR05nQzD/,"The Ministry of Health announced 768 new Covid-19 cases today. #linkinbio

Here is a breakdown of the new cases:

Imported cases: 0

Cases in the community: 11 (10 Singaporeans/Permanent Residents, 1 Work Pass)

Work Permit holders (residing outside dormitories): 7

Work Permit holders (residing in dormitories): 750

Photo from Clean & Green Singapore.",13,2020-05-08T16:04:55.000Z,mothershipsg,2.3e+18
3982,https://www.instagram.com/p/B_5DW_IHfSu/,"MOH confirmed 741 new cases of Covid-19 infection on May 7, 2020. #linkinbio

This is a breakdown of the new cases:

Imported cases: 0

Cases in the community: 5 Singaporeans/Permanent Residents, 2 Work Passes

Work Permit holders (residing outside dormitories): 9

Work Permit holders (residing in dormitories): 725

Photo from Clean & Green Singapore/FB.",16,2020-05-07T15:20:08.000Z,mothershipsg,2.3e+18
3994,https://www.instagram.com/p/B_2gXEmA3o0/,"[JUST IN] 788 new Covid-19 cases were announced earlier today (May 6). ‚†Ä‚†Ä‚†Ä‚†Ä‚†Ä‚†Ä‚†Ä‚†Ä ‚†Ä‚†Ä‚†Ä‚†Ä‚†Ä‚†Ä‚†Ä‚†Ä ‚†Ä‚†Ä‚†Ä‚†Ä‚†Ä‚†Ä‚†Ä‚†Ä ‚†Ä‚†Ä‚†Ä‚†Ä‚†Ä‚†Ä‚†Ä‚†Ä
üîπ 7 new clusters have been identified.
üîπ 13 cases in community, including 11 Singaporeans/PRs.
üîπ 16 are Work Permit holders residing outside dorms.
üîπ 759 Work Permit holders residing in dorms.

Total cases: 20,198
Total discharged: 1,634
Total deaths: 20

Image via JurongHealth Campus‚Äôs Facebook page.",53,2020-05-06T15:35:50.000Z,mothershipsg,2.3e+18
4002,https://www.instagram.com/p/B_1p6jFnm1F/,"Majority of the cases are Work Permit holders residing in foreign worker dormitories.

According to MOH, 11 of the new cases reported today are Singaporeans or Permanent Residents.  #linkinbio

Photo from Executive Committee for Changi Exhibition Centre Facility.",53,2020-05-06T07:40:05.000Z,mothershipsg,2.3e+18
4003,https://www.instagram.com/p/B_0IyOynlsk/,"May 5, 2020: üîπCases in the community: 12 (8 Singaporeans/Permanent Residents, 4 Work Passes)
üîπWork Permit holders (residing outside dormitories): 15
üîπ Work Permit holders (residing in dormitories): 605

Total cases: 19,410
Total discharged: 1,519
Total deaths: 18",19,2020-05-05T17:31:21.000Z,mothershipsg,2.3e+18
4038,https://www.instagram.com/p/B_xVAzDHENe/,"573 new Covid-19 cases were announced earlier today (May 4). 3 new clusters have been identified. üîπ 5 are other cases in the community.
üîπ 8 are work permit holders residing outside dorms.
üîπ 560 are work permit holders residing in dorms.

Total cases: 18,778
Total discharged: 1,457
Total deaths: 18",17,2020-05-04T15:20:28.000Z,mothershipsg,2.3e+18
4044,https://www.instagram.com/p/B_xJOS4H1-k/,Manpower Minister Josephine Teo had this to say when NMP Anthea Ong asked if the government would apologise to foreign workers over the conditions of their dormitories.,286,2020-05-04T13:39:57.000Z,mothershipsg,2.3e+18
4046,https://www.instagram.com/p/B_wi-UEHdLU/,"The majority of the cases are Work Permit holders residing in foreign worker dormitories.

5 of the new cases reported today are Singaporeans/ Permanent Residents, and there are no new imported cases. #linkinbio

Photo from Tan Tock Seng Hospital/ FB.",52,2020-05-04T08:03:14.000Z,mothershipsg,2.3e+18
4055,https://www.instagram.com/p/B_u6XlmH1Qa/,"Some of y‚Äôall are asking why the number of Covid-19 cases are going up and down, so here‚Äôs an explanation from MOH: .

The number of cases among migrant workers has been fluctuating in recent days due to clearance of backlogged cases by one laboratory.

MOH is working with the laboratory to stabilise its operations. 
Photo by MOM.",62,2020-05-03T16:49:10.000Z,mothershipsg,2.3e+18
4056,https://www.instagram.com/p/B_ut82IHOnL/,"657 new Covid-19 cases were announced earlier today (May 3). ‚†Ä‚†Ä‚†Ä‚†Ä‚†Ä‚†Ä‚†Ä‚†Ä ‚†Ä‚†Ä‚†Ä‚†Ä‚†Ä‚†Ä‚†Ä‚†Ä ‚†Ä‚†Ä‚†Ä‚†Ä‚†Ä‚†Ä‚†Ä‚†Ä ‚†Ä‚†Ä‚†Ä‚†Ä‚†Ä‚†Ä‚†Ä‚†Ä
üîπ 13 are cases in the community (10 Singaporeans/PRs, three Work Passes). ‚†Ä‚†Ä‚†Ä‚†Ä‚†Ä‚†Ä‚†Ä‚†Ä ‚†Ä‚†Ä‚†Ä‚†Ä‚†Ä‚†Ä‚†Ä‚†Ä ‚†Ä‚†Ä‚†Ä‚†Ä‚†Ä‚†Ä‚†Ä‚†Ä
üîπ 18 are work permit holders residing outside dorms.
‚†Ä‚†Ä‚†Ä‚†Ä‚†Ä‚†Ä‚†Ä‚†Ä ‚†Ä‚†Ä‚†Ä‚†Ä‚†Ä‚†Ä‚†Ä‚†Ä ‚†Ä‚†Ä‚†Ä‚†Ä‚†Ä‚†Ä‚†Ä‚†Ä
üîπ 626 are work permit holders residing in dorms.

Total cases: 18,205
Total discharged: 1,408
Total deaths: 18",40,2020-05-03T15:00:40.000Z,mothershipsg,2.3e+18
4058,https://www.instagram.com/p/B_uMgb5hOHN/,"31-year-old Hazwan Tahir has been doing acts of charity for 32 consecutive weeks (and counting!). With the recent spike of Covid-19 cases in dormitories, he's been helping a group of people who are miles away from home: Migrant workers.",16,2020-05-03T10:08:49.000Z,mothershipsg,2.3e+18
4067,https://www.instagram.com/p/B_sZpjenmkZ/,"üîπ 6 are other cases in the community.
üîπ 10 are work permit holders residing outside dorms.
üîπ 431 are work permit holders residing in dorms.

Total cases: 17,548

A 76 year-old male Singaporean with a history of cancer passed away on May. 1 from complications due to COVID-19 infection. #linkinbio",36,2020-05-02T17:24:47.000Z,mothershipsg,2.3e+18
4085,https://www.instagram.com/p/B_pI6x8JuMF/,"In response to a question from the media, Minister Lawrence Wong elaborated that these new dormitories can be built quickly, may not be permanent, and would allow for new, long-term, permanent dormitories to be built in the meantime.",23,2020-05-01T11:01:16.000Z,mothershipsg,2.3e+18
4099,https://www.instagram.com/p/B_mK2LTHU2S/,"JUST IN: Six of the new cases today are Singaporeans or Permanent Residents. 
The vast majority of the cases are Work Permit holders residing in foreign worker dormitories.

Total number of confirmed cases in Singapore so far: 16,169.",60,2020-04-30T07:20:00.000Z,mothershipsg,2.3e+18
4100,https://www.instagram.com/p/B_kzevoHblS/,"As of April 30, 12:33am, there are close to 3.2 million Covid-19 cases worldwide, with over 220,000 deaths. Close to a third of the patients globally have recovered from the disease.

On April 29, Singapore reported 690 new cases of Covid-19, crossing the 15,000 mark for the first time. 5 new clusters have been identified, including 2 dormitories.",155,2020-04-29T18:36:35.000Z,mothershipsg,2.3e+18
4110,https://www.instagram.com/p/B_joVSun--P/,"[JUST IN] The vast majority of cases are Work Permit holders residing in foreign worker dormitories.

Six cases are Singaporeans or permanent residents. #linkinbio

Photo from NUHS/FB.",80,2020-04-29T07:39:56.000Z,mothershipsg,2.3e+18
4121,https://www.instagram.com/p/B_hiHRPDt9_/,"In response to a question about whether food given to foreign workers will improve, Minister Lawrence Wong mentioned that while there are photos circulating, food caterers are constantly making adjustments based feedback provided by foreign workers.",37,2020-04-28T12:07:30.000Z,mothershipsg,2.3e+18
4128,https://www.instagram.com/p/B_hBusAHmjb/,"JUST IN: There are now 14,951 Covid-19 cases in Singapore. ‚†Ä‚†Ä‚†Ä‚†Ä‚†Ä‚†Ä‚†Ä‚†Ä ‚†Ä‚†Ä‚†Ä‚†Ä‚†Ä‚†Ä‚†Ä‚†Ä ‚†Ä‚†Ä‚†Ä‚†Ä‚†Ä‚†Ä‚†Ä‚†Ä
8 of the 528 new cases are Singaporeans/PRs, and the vast majority are Work Permit holders residing in foreign worker dormitories. #linkinbio

Image from Pioneer.",74,2020-04-28T07:24:08.000Z,mothershipsg,2.3e+18
4140,https://www.instagram.com/p/B_e_lWqn8-L/,"[JUST IN] Thus far a total of 21,000 migrant workers living in dormitories have been tested since the start of the outbreak.

This means that around one in 15 of Singapore's 323,000 migrant workers residing in dormitories have been tested. #linkinbio

Photo from JurongHealth Campus/FB.",44,2020-04-27T12:26:54.000Z,mothershipsg,2.3e+18
4141,https://www.instagram.com/p/B_ecelPnpaY/,"[JUST IN] The total number of Covid-19 cases in Singapore is now 14,423. #linkinbio

Photo from MOM/FB.",78,2020-04-27T07:20:08.000Z,mothershipsg,2.3e+18
4151,https://www.instagram.com/p/B_bz4VhnL_e/,"JUST IN: This brings the total to 13,624.

15 of the 931 new cases are Singaporeans/ Permanent Residents. 
The vast majority are Work Permit holders residing in foreign worker dormitories.

Link in bio.

Photo from NUHS/ FB.",102,2020-04-26T06:46:54.000Z,mothershipsg,2.3e+18
4154,https://www.instagram.com/p/B_abMr-nSYw/,"As of April 26, 12:05am, there are close to 2.9 million Covid-19 cases worldwide, with about 200,000 deaths.

The total number of cases in the U.S. approach 1 million, with more than 50,000 deaths. The nation reported four times more cases than Spain, the next highest country on the list.

On April 25, Singapore reported 618 new Covid-19 cases, a drop from previous days. Most of the cases are linked to foreign worker dormitories. A new cluster involving seven cases at Northpoint City, Yishun, has been identified. [Please see Page 2 for SIngapore's Covid-19 situation.]",47,2020-04-25T17:51:59.000Z,mothershipsg,2.3e+18
4163,https://www.instagram.com/p/B_aSTNYHY1K/,"The vast majority are Work Permit holders residing in foreign worker dormitories.

Seven cases are Singaporeans/Permanent Residents (PRs). Link in bio.

Photo via Unsplash.",29,2020-04-25T16:34:14.000Z,mothershipsg,2.3e+18
4177,https://www.instagram.com/p/B_Wuwpvnr9X/,"[JUST IN] 13 Singaporeans and PRs are among the new Covid-19 cases announced today, while the vast majority of cases are Work Permit holders residing in foreign worker dormitories. ‚†Ä‚†Ä‚†Ä‚†Ä‚†Ä‚†Ä‚†Ä‚†Ä ‚†Ä‚†Ä‚†Ä‚†Ä‚†Ä‚†Ä‚†Ä‚†Ä ‚†Ä‚†Ä‚†Ä‚†Ä‚†Ä‚†Ä‚†Ä‚†Ä
Link in bio.

Image via MOM.",76,2020-04-24T07:25:58.000Z,mothershipsg,2.29e+18
4191,https://www.instagram.com/p/B_ULYGbnq_d/,"JUST IN: This brings the total number of cases in Singapore to 11,178.

Of the new cases, the vast majority are Work Permit holders residing in foreign worker dormitories.

There are also 21 Singaporeans and Permanent Residents among the new cases reported today.

Link in bio.

Photo from Unsplash.",133,2020-04-23T07:38:18.000Z,mothershipsg,2.29e+18
4202,https://www.instagram.com/p/B_Scn-FHC1L/,"JUST IN: This brings the total number of cases in Singapore to 10,141.

Of the new cases, 967 are work permit holders residing in dormitories while 32 are work permit holders residing outside of dormitories.

17 are cases in the community.

73 per cent of the new cases are linked to previous clusters.

Link in bio.

Photo from Suhaimi Abdullah via Getty Images.",74,2020-04-22T15:30:32.000Z,mothershipsg,2.29e+18
4205,https://www.instagram.com/p/B_SLaukhtSx/,"""It's tough to be cut off and be in a room most of the time, but they understand. Their main request is that after this is over they will be allowed to continue to work in Singapore,"" said Minister K Shanmugam during a visit to Westlite Papan dormitory on Apr. 22. 
The minister was there to address the concerns of foreign workers amidst the rising number of confirmed cases found in dormitories.",15,2020-04-22T13:00:34.000Z,mothershipsg,2.29e+18
4211,https://www.instagram.com/p/B_Rl2pUnO0z/,"[JUST IN] 15 Singaporeans and PRs are among the new cases reported today, while the vast majority of the cases remain Work Permit holders residing in foreign worker dormitories.

Almost three months after the first Covid-19 case was announced on Jan. 23, the number of cases in Singapore has crossed the 10,000 mark.

Link in bio.

Image from Lawrence Wong's Facebook.",135,2020-04-22T07:31:56.000Z,mothershipsg,2.29e+18
4215,https://www.instagram.com/p/B_QKUsgHbHq/,"As of April 22, 12:34am, the total number of Covid-19 cases in the U.S. has exceeded 800,000, and is more than the next four countries combined. ‚†Ä‚†Ä‚†Ä‚†Ä‚†Ä‚†Ä‚†Ä‚†Ä ‚†Ä‚†Ä‚†Ä‚†Ä‚†Ä‚†Ä‚†Ä‚†Ä ‚†Ä‚†Ä‚†Ä‚†Ä‚†Ä‚†Ä‚†Ä‚†Ä
On April 21, Singapore reported 1,111 new cases, majority of which are linked to foreign worker dormitories. [Please see Page 2 for Singapore's Covid-19 situation.] ‚†Ä‚†Ä‚†Ä‚†Ä‚†Ä‚†Ä‚†Ä‚†Ä ‚†Ä‚†Ä‚†Ä‚†Ä‚†Ä‚†Ä‚†Ä‚†Ä ‚†Ä‚†Ä‚†Ä‚†Ä‚†Ä‚†Ä‚†Ä‚†Ä
With a total of 9,125 cases thus far, Prime Minister Lee Hsien Loong has announced the extension of circuit breaker measures until June 1. Certain existing measures will also be tightened. For example, some food establishments, such as bubble tea stores, have been deemed non-essential, and will have to close after April 21, 11:59pm.",76,2020-04-21T18:12:08.000Z,mothershipsg,2.29e+18
4225,https://www.instagram.com/p/B_PdAo4p7pg/,Manpower Minister Josephine Teo was responding to a question about whether cost had been a consideration in not moving foreign workers out of the dormitories earlier.,198,2020-04-21T11:36:35.000Z,mothershipsg,2.29e+18
4226,https://www.instagram.com/p/B_PawyAjEvB/,"Minister Lawrence Wong explains that the  increase in Covid-19 cases is attributed to the extensive testing taking place in the foreign worker dormitories. MOH premliminarily confirmed 1,111 cases today.",108,2020-04-21T11:16:56.000Z,mothershipsg,2.29e+18
4234,https://www.instagram.com/p/B_PARmanREt/,"[JUST IN] The vast majority of cases are Work Permit holders residing in foreign worker dormitories.

In addition, 20 Singaporeans and Permanent Residents are among the new cases reported today.

Link in bio.

Photo from Unsplash.",124,2020-04-21T07:25:05.000Z,mothershipsg,2.29e+18
4235,https://www.instagram.com/p/B_NpeQ7H1J6/,"As of April 21, 1:34am, there are over 2.4 million Covid-19 cases worldwide, with the U.S. making up about a third of these cases. ‚†Ä‚†Ä‚†Ä‚†Ä‚†Ä‚†Ä‚†Ä‚†Ä ‚†Ä‚†Ä‚†Ä‚†Ä‚†Ä‚†Ä‚†Ä‚†Ä ‚†Ä‚†Ä‚†Ä‚†Ä‚†Ä‚†Ä‚†Ä‚†Ä
Hong Kong has reported zero new cases for the first time in six weeks, calling off its daily Covid-19 press briefing.

On April 20, Singapore reported 1,426 new Covid-19 cases, the first time that the nation reported a 4-digit increase in cases. 75% of total cases in Singapore are now linked to foreign worker dormitories. [Please see Page 2 for Singapore's Covid-19 situation.]",66,2020-04-20T18:46:36.000Z,mothershipsg,2.29e+18
4248,https://www.instagram.com/p/B_Mbnv2H9yv/,"16 patients are Singaporeans or PRs, while the vast majority are Work Permit holders residing in foreign dormitories.

Link in bio. 
Image via Google Maps.",222,2020-04-20T07:26:19.000Z,mothershipsg,2.29e+18
4249,https://www.instagram.com/p/B_LAdsCnRYJ/,"As of April 20, 12:40am, the U.S. has almost 750,000 Covid-19 cases, and almost 40,000 deaths.

On April 19, Singapore reported 596 new cases of Covid-19, of which 544 patients are Work Permit holders residing in dormitories. 22 patients are Work Permit holders residing outside dormitories, while 30 patients are either Singaporeans or PRs. ‚†Ä‚†Ä‚†Ä‚†Ä‚†Ä‚†Ä‚†Ä‚†Ä ‚†Ä‚†Ä‚†Ä‚†Ä‚†Ä‚†Ä‚†Ä‚†Ä ‚†Ä‚†Ä‚†Ä‚†Ä‚†Ä‚†Ä‚†Ä‚†Ä
Singapore has reported a total of 6,588 Covid-19 cases thus far, which is currently the highest in ASEAN. [Please see Page 2 for Singapore's Covid-19 situation.]",103,2020-04-19T18:09:46.000Z,mothershipsg,2.29e+18
4258,https://www.instagram.com/p/B_KyOa_nYwc/,"This brings the total number of cases to 6588.

Of the new cases, 68 per cent are linked to known clusters, while the rest are pending contact tracing.

30 are cases in the community. 
544 are work permit holders residing in dorms. 
Another 22 are work permit holders residing outside dorms.

Link in bio.

Photo by Julia Yeo.",99,2020-04-19T16:05:21.000Z,mothershipsg,2.29e+18
4261,https://www.instagram.com/p/B_IkXtPnBC6/,"[Note: The death tolls for Australia and Czech Republic are incorrect. Australia has reported 69 deaths, while Czech Republic has reported 181 deaths. We apologise for the error!] ‚†Ä‚†Ä‚†Ä‚†Ä‚†Ä‚†Ä‚†Ä‚†Ä ‚†Ä‚†Ä‚†Ä‚†Ä‚†Ä‚†Ä‚†Ä‚†Ä ‚†Ä‚†Ä‚†Ä‚†Ä‚†Ä‚†Ä‚†Ä‚†Ä
As of April 19, 12:20am, there are almost 2.3 million Covid-19 cases worldwide, with over 157,000 deaths.

The U.S. now has over 700,000 Covid-19 cases, almost a third of the global total. The daily increase in cases is roughly constant, with about 30,000 new cases on April 18.

On April 18, Singapore reported a new record-high increase of 942 cases, of which 893 of them are Work Permit holders residing in dormitories. [Please see Page 2 for Singapore's Covid-19 situation.]",106,2020-04-18T19:25:49.000Z,mothershipsg,2.29e+18
4269,https://www.instagram.com/p/B_INNgMnoiR/,"According to MOH, the vast majority of new cases today (Apr. 18) are Work Permit holders residing in foreign worker dormitories.

Link in bio.

Photos from Google Maps.",31,2020-04-18T16:03:26.000Z,mothershipsg,2.29e+18
4274,https://www.instagram.com/p/B_Hi-1In9Tc/,We speak to Dipa from Its Raining Raincoats to discuss what Singapore as a society can learn from the outbreak in foreign worker dormitories.,33,2020-04-18T09:55:01.000Z,mothershipsg,2.29e+18
4282,https://www.instagram.com/p/B_F5x5YnsAi/,"[Note: An earlier version of this post contained a minor error in the charts, and have since been corrected. We thank you for your kind understanding üòî] ‚†Ä‚†Ä‚†Ä‚†Ä‚†Ä‚†Ä‚†Ä‚†Ä ‚†Ä‚†Ä‚†Ä‚†Ä‚†Ä‚†Ä‚†Ä‚†Ä ‚†Ä‚†Ä‚†Ä‚†Ä‚†Ä‚†Ä‚†Ä‚†Ä
As of April 18, 12:30am, there are over 2.2 million Covid-19 cases, with close to 1.7 million cases from Europe and the U.S.

For the third time this week, Taiwan has reported no new cases of Covid-19. Similarly, New Zealand and Hong Kong have both reported single-digit increases, indicating a slowdown in the number of new cases. ‚†Ä‚†Ä‚†Ä‚†Ä‚†Ä‚†Ä‚†Ä‚†Ä ‚†Ä‚†Ä‚†Ä‚†Ä‚†Ä‚†Ä‚†Ä‚†Ä ‚†Ä‚†Ä‚†Ä‚†Ä‚†Ä‚†Ä‚†Ä‚†Ä
On April 17, Singapore reported 623 new cases of Covid-19, majority of which are from foreign worker dormitories. The total number of cases in Singapore has officially exceeded 5,000 on the 11th day of circuit breaker measures. [Please see Page 2 for Singapore's Covid-19 situation.]",119,2020-04-17T18:35:10.000Z,mothershipsg,2.29e+18
4291,https://www.instagram.com/p/B_FrpNfH9Mq/,"558 of the new cases are Work Permit holders residing in dormitories.

Link in bio.

Photo from Unsplash",282,2020-04-17T16:31:39.000Z,mothershipsg,2.29e+18
4309,https://www.instagram.com/p/B_DB0MOnAVK/,"The five clusters include foreign worker dormitories.

Link in bio.

Photo from Google Maps",46,2020-04-16T15:47:40.000Z,mothershipsg,2.29e+18
4310,https://www.instagram.com/p/B_C_U_BJOjn/,"We spoke to 2 migrant workers who are currently living at Cochrane Lodge II, a dormitory gazetted as an isolation area in Admiralty. Here‚Äôs what their experience has been like so far.",71,2020-04-16T15:26:43.000Z,mothershipsg,2.29e+18
4327,https://www.instagram.com/p/B_AdoKkHafI/,"Three of these are based at foreign worker dormitories, while the fourth is connected to a shophouse on Balestier Road.

Link in bio.

Photo from Google Street View.",52,2020-04-15T15:52:58.000Z,mothershipsg,2.29e+18
4355,https://www.instagram.com/p/B-9h6JYpQFf/,"Manpower Minister Josephine Teo said today (Apr. 14): ""We will actively contain the spread. Now, it means locking down these dormitories. No more moving in and out. Workers have to stay in the room, as much as possible.""",58,2020-04-14T12:33:14.000Z,mothershipsg,2.29e+18
4367,https://www.instagram.com/p/B-7nyD3nvov/,"[Update: The reported numbers for Mainland China have been corrected for accuracy to exclude Hong Kong and Macau. We apologise for the mistake.] ‚†Ä‚†Ä‚†Ä‚†Ä‚†Ä‚†Ä‚†Ä‚†Ä ‚†Ä‚†Ä‚†Ä‚†Ä‚†Ä‚†Ä‚†Ä‚†Ä ‚†Ä‚†Ä‚†Ä‚†Ä‚†Ä‚†Ä‚†Ä‚†Ä
As of April 14, 12:35am, there are over 1.8 million Covid-19 cases worldwide, with over 110,000 deaths.

On April 13, Singapore reported 386 new cases, which is the largest single-day increase thus far. 280 cases are linked to migrant workers' dormitories, and imported cases are now down to zero. A 65-year-old Singaporean man became the 9th person to die of Covid-19 in Singapore. [Please see Page 2 for Singapore's Covid-19 situation.]",215,2020-04-13T18:45:30.000Z,mothershipsg,2.29e+18
4377,https://www.instagram.com/p/B-7UXTnHRy7/,"[JUST IN] 280 of the new cases are Work Permit holders in the dormitories.

Link in bio.

Photo from Google Maps",404,2020-04-13T15:55:49.000Z,mothershipsg,2.29e+18
4390,https://www.instagram.com/p/B-4ynPcH2Tb/,"[JUST IN] This brings Singapore's total number of confirmed cases to 2,532.

Link in bio.

Photo via Ministry of Manpower.",147,2020-04-12T16:22:25.000Z,mothershipsg,2.29e+18
4396,https://www.instagram.com/p/B-2g-ManzfY/,"[Note: The total number of discharged cases in Singapore is currently pending confirmation, and we will update the figures shortly.] ‚†Ä‚†Ä‚†Ä‚†Ä‚†Ä‚†Ä‚†Ä‚†Ä ‚†Ä‚†Ä‚†Ä‚†Ä‚†Ä‚†Ä‚†Ä‚†Ä ‚†Ä‚†Ä‚†Ä‚†Ä‚†Ä‚†Ä‚†Ä‚†Ä ‚†Ä‚†Ä‚†Ä‚†Ä‚†Ä‚†Ä‚†Ä‚†Ä
As of April 12, 12:35am, the total number of Covid-19 cases in the U.S. has exceeded 500,000. The death toll in the U.S. is also the highest in the world, edging out Italy, with over 19,600 deaths reported.

On April 11, Singapore reported 191 new cases of Covid-19, with 51 cases linked to dormitory clusters. A 90-year-old Singaporean man, identified as Case 1,142, became the 8th person to die of Covid-19 in Singapore.

Three new clusters were identified, all of which are located at foreign worker dormitories. [Please see Page 2 for Singapore's Covid-19 situation.]",84,2020-04-11T19:09:47.000Z,mothershipsg,2.29e+18
4404,https://www.instagram.com/p/B-2G_5nnZzJ/,"MOH has also identified three new clusters in Singapore: Westlite Woodlands dormitory, North Coast Lodge and Cassia @ Penjuru.

Link in bio.

Photo from Google Maps.",25,2020-04-11T15:22:49.000Z,mothershipsg,2.29e+18
4422,https://www.instagram.com/p/B-y_LdZDQf2/,"In his address to the nation on Apr. 10, PM Lee also took time to reassure families of foreign workers.",16,2020-04-10T10:16:59.000Z,mothershipsg,2.28e+18
4423,https://www.instagram.com/p/B-y9ENRAauY/,"In an address to the nation on Day 4 of the Circuit Breaker period, PM Lee recognised the contributions of the foreign workers and thanked their families. .
.
.
""If any of their family members watch my video, let me say this to them: 'We appreciate the work and contributions of your sons, fathers, husbands in Singapore.' We feel responsible for their well-being. We will do our best to take care of their health, livelihood and welfare here, and to let them go home, safe and sound, to you. On behalf of all Singaporeans, I wish you well."" (Video: PMO)",74,2020-04-10T09:59:38.000Z,mothershipsg,2.28e+18
4424,https://www.instagram.com/p/B-xWPganco-/,"As of April 10, 1:20am, the total number of Covid-19 cases in the U.S. has reached almost 450,000, with over 40,000 new cases reported.

On April 9, Singapore reported yet another single-day highest increase, with 287 new cases of Covid-19. Over 200 of these cases are linked to foreign worker dormitories.

MOH also reported that the 32-year-old man who was tested positive for Covid-19 posthumously passed away due to heart disease [Please see Page 2 for Singapore's Covid-19 situation.]",79,2020-04-09T18:59:49.000Z,mothershipsg,2.28e+18
4435,https://www.instagram.com/p/B-wu-02Ho8C/,"Healthy workers in affected clusters will be moved out of dorms into various sites ‚Äî such as Changi Exhibition Centre, military camps, floatels and vacant HDB blocks. 287 new cases were reported today (Apr. 9) and 219 cases are linked to dorms.",20,2020-04-09T13:17:10.000Z,mothershipsg,2.28e+18
4437,https://www.instagram.com/p/B-wtq9snnOt/,"[JUST IN] Minister Lawrence Wong said that there was a need to reduce the number of workers in each dormitory so as to make the situation more manageable.

Link in bio.

Photo from The Singapore Army Facebook & Changi Exhibition Center Facebook.",37,2020-04-09T13:05:19.000Z,mothershipsg,2.28e+18
4439,https://www.instagram.com/p/B-wsPW2nMQc/,"[JUST IN] There is a growing number of clusters in Singapore involving foreign worker dormitories.

Link in bio.

Photo from Google Maps.",230,2020-04-09T12:52:48.000Z,mothershipsg,2.28e+18
4473,https://www.instagram.com/p/B-sO4csHczy/,"As of April 8, 1:58am, the total number of Covid-19 cases in the U.S. has surpassed 380,000, exceeding the total number of cases in Spain, Italy and France combined. ‚†Ä‚†Ä‚†Ä‚†Ä‚†Ä‚†Ä‚†Ä‚†Ä ‚†Ä‚†Ä‚†Ä‚†Ä‚†Ä‚†Ä‚†Ä‚†Ä ‚†Ä‚†Ä‚†Ä‚†Ä‚†Ä‚†Ä‚†Ä‚†Ä
On April 7, Singapore reported 106 new cases of Covid-19, of which 62 are linked to previous cases or clusters. 39 cases are linked to clusters at foreign worker dormitories, and the number of cases at the S11 Dormitory @ Punggol cluster has grown to 98. [Please see Page 3 for Singapore's Covid-19 situation.]",64,2020-04-07T19:19:19.000Z,mothershipsg,2.28e+18
4482,https://www.instagram.com/p/B-r1ejaHCVJ/,"Among the new cases, there are three imported cases, 62 linked cases, and 41 unlinked cases. ‚†Ä‚†Ä‚†Ä‚†Ä‚†Ä‚†Ä‚†Ä‚†Ä ‚†Ä‚†Ä‚†Ä‚†Ä‚†Ä‚†Ä‚†Ä‚†Ä ‚†Ä‚†Ä‚†Ä‚†Ä‚†Ä‚†Ä‚†Ä‚†Ä
Of the linked cases, 39 are linked to clusters at foreign worker dormitories.

Image from Google Maps.",52,2020-04-07T15:37:19.000Z,mothershipsg,2.28e+18
4490,https://www.instagram.com/p/B-pm3LrHqXX/,"As of April 7, 1:30am, there are a total of over 1.3 million Covid-19 cases worldwide, with about 73,600 deaths.

The U.S. continues to report the most number of new Covid-19 cases, with over 24,000 new cases, although it is a small decline over the last 3 days.

On April 6, Singapore reported 66 new cases of Covid-19, of which only 1 is imported, while 65 are local transmissions. 24 cases are linked to foreigner worker dormitory clusters, while 24 cases were discharged, which is the highest number on a single day thus far. [Please see Page 3 for Singapore's Covid-19 situation.]",133,2020-04-06T18:51:08.000Z,mothershipsg,2.28e+18
4512,https://www.instagram.com/p/B-nD1PwnQL8/,"As of April 6, 1:45am, the U.S. continues to report a surge in the number of new Covid-19 cases, with over 36,000 new cases. ‚†Ä‚†Ä‚†Ä‚†Ä‚†Ä‚†Ä‚†Ä‚†Ä ‚†Ä‚†Ä‚†Ä‚†Ä‚†Ä‚†Ä‚†Ä‚†Ä ‚†Ä‚†Ä‚†Ä‚†Ä‚†Ä‚†Ä‚†Ä‚†Ä ‚†Ä‚†Ä‚†Ä‚†Ä‚†Ä‚†Ä‚†Ä‚†Ä
Conversely, Spain and Italy are experiencing a slowdown in the number of new cases reported, although they remain the second and third highest in the list respectively. ‚†Ä‚†Ä‚†Ä‚†Ä‚†Ä‚†Ä‚†Ä‚†Ä ‚†Ä‚†Ä‚†Ä‚†Ä‚†Ä‚†Ä‚†Ä‚†Ä ‚†Ä‚†Ä‚†Ä‚†Ä‚†Ä‚†Ä‚†Ä‚†Ä
On April 5, Singapore reported 120 new cases, the largest single-day increase thus far. Of the 116 local cases, 66 are unlinked, and 32 cases originate from 2 workers' dormitories. [Please see Page 3 for Singapore's Covid-19 situation.]",78,2020-04-05T19:06:33.000Z,mothershipsg,2.28e+18
4521,https://www.instagram.com/p/B-mef3UHN-P/,"Around 20,000 workers at S11 Dormitory @ Punggol and Westlite in Toh Guan will be quarantined in their dorms for the next 14 days.
In other dormitories, enhanced precautions will be taken to reduce social interactions between workers and to protect the rest of the community.",8,2020-04-05T13:41:00.000Z,mothershipsg,2.28e+18
4522,https://www.instagram.com/p/B-meM4AHpha/,"Workers in affected dormitories will be given healthcare supplies such as masks, sanitizers and thermometers. They will also be given 3 meals a day.",22,2020-04-05T13:40:00.000Z,mothershipsg,2.28e+18
4524,https://www.instagram.com/p/B-mRDf2Hfnr/,"[BREAKING] This is the first time Singapore reports a three-digit surge in new Covid-19 cases.

116 cases were local transmissions, while four were imported cases.

Two hotspots identified were the foreign worker dormitories of S11 Dormitory @ Punggol and Westlite Toh Guan dormitory.

Photo from Google Maps.",235,2020-04-05T11:42:51.000Z,mothershipsg,2.28e+18
4533,https://www.instagram.com/p/B-kBI35nEAg/,"One of the newly confirmed cases (Case 1115) is linked to three previous cases (Cases 510, 511 and 1007), forming a new cluster at The Orange Ballroom. The Orange Ballroom is a wedding and corporate venue located at 845 Geylang Road.

Three other new clusters were also identified on April 4, at Sengei Tengah Lodge, Toh Guan Dormitory and Cochrane Lodge ll.

Image via The Orange Ballroom.",130,2020-04-04T14:45:17.000Z,mothershipsg,2.28e+18
4534,https://www.instagram.com/p/B-j-LuNHi72/,"Out of the 75 new cases, six are imported, while 69 are local cases who have no recent travel history. 40 cases are linked to previous cases or clusters, while 29 cases are currently unlinked.

Four new Covid-19 clusters have emerged: at Sungei Tengah Lodge, Toh Guan Dormitory, Cochrane Lodge ll, and The Orange Ballroom.

Image via Sungei Tengah Lodge.",689,2020-04-04T14:19:28.000Z,mothershipsg,2.28e+18
4588,https://www.instagram.com/p/B-cUGqbnHSC/,"[JUST IN] Two of the confirmed cases (Cases 972 and 974) reported today are linked to a previous case (Case 868), forming a new cluster at a dormitory located at 55 Sungei Kadut Loop.

According to the Building and Construction Authority‚Äôs (BCA) directory, the building is registered to TENDA Equipment & Services Pte Ltd.

Photos via Google Maps.",15,2020-04-01T14:57:05.000Z,mothershipsg,2.28e+18
4612,https://www.instagram.com/p/B-ZupUTn978/,"Four of the newly confirmed cases are linked to a previous case (Case 875), forming a new cluster at Westlite Toh Guan dormitory (18 Toh Guan Road East). Westlite Toh Guan is a 7,800-bed worker accommodation with 22 communal facilities.

Photo from Google Maps",40,2020-03-31T14:51:17.000Z,mothershipsg,2.28e+18
4617,https://www.instagram.com/p/B-ZfPBxH-eL/,"[BREAKING] The amended regulation will affect all workplaces regardless of size, enforcing telecommunication for all the days of the working week.

To ensure compliance, Ministry of Manpower (MOM) officers will be assessing workplaces to see if work from home (WFH) measures are feasible.

Employers found to be flouting the regulations will receive a stop-work order.

Photo from Josephine Teo and MOM/FB.",68,2020-03-31T12:36:38.000Z,mothershipsg,2.28e+18
4630,https://www.instagram.com/p/B-XCkHEnt3e/,"Four of the confirmed cases are linked to a new cluster at S11 Dormitory @ Punggol (2 Seletar North Link). Seven of the confirmed cases are linked to a new cluster at Wilby Residences (25 Wilby Road). Five of the confirmed cases were also established to be linked to a new cluster at Hero‚Äôs, a sports bar located at 69 Circular Road.

Photo from Google Maps",38,2020-03-30T13:47:37.000Z,mothershipsg,2.28e+18
4763,https://www.instagram.com/p/B-BWcgCH6gJ/,"The Ministry of Manpower will also be limiting the entry or return of work pass holders.

Only those providing essential services like healthcare and transport will be allowed entry or return.

Singapore citizens, Permanent Residents and Long Term Pass holders can still return to Singapore, and will be issued a 14-day Stay-Home Notice.

Photos from Shawn Ang/Unsplash & Guan Zhen Tan.",100,2020-03-22T03:38:03.000Z,mothershipsg,2.27e+18
4771,https://www.instagram.com/p/B9_w7rKHg9f/,"16 of them breached their Stay-Home Notice or Leave-of-absence (LOA) requirements.

Some were caught working at their workplaces, while others were found leaving their places of residence during the 14-day period.

Photo from Ministry of Manpower‚Äôs Facebook page.",74,2020-03-21T12:51:01.000Z,mothershipsg,2.27e+18
4834,https://www.instagram.com/p/B91kAgGB9yO/,"In response to questions about MOM support measures offered to companies with workers affected by the Malaysia lockdown, Minister for Manpower Josephine Teo mentioned that many of such workers are hired by companies that provide healthcare, security, cleaning, waste management and other essential services in Singapore.

Read more in the link in our bio.",20,2020-03-17T13:45:53.000Z,mothershipsg,2.27e+18
4848,https://www.instagram.com/p/B90bQ11nj0T/,"Minister of Trade and Industry Chan Chun Sing assured local employers that Singapore‚Äôs economic agencies are working to provide temporary accommodation in Singapore for their Malaysian workers who may wish to stay here during Malaysia‚Äôs lockdown.

The economic agencies are working with the companies, dormitory operators and hotels to provide accommodation options for such workers.

Chan also mentioned that companies who need help for their workers‚Äô accommodation can contact and work with said economic agencies and their own trade associations.

Photo by Zheng Zhangxin.",128,2020-03-17T03:10:01.000Z,mothershipsg,2.27e+18
4879,https://www.instagram.com/p/B9t-gc-nuiu/,"This brings the total number of Covid-19 cases in Singapore to 212.

Eight cases were discharged today. The total number of discharged cases is now 105.

Photos from Josephine Teo/FB.",50,2020-03-14T15:03:18.000Z,mothershipsg,2.26e+18
4970,https://www.instagram.com/p/B9g7Uh9nBE7/,"The Ministry of Health announced on Mar. 9 that it will need to prioritise resources at public hospitals in view of the rising number of Covid-19 cases globally and the expected rise in the number of confirmed cases in Singapore.

Therefore, foreigners on short-term visit pass holders who seek treatment for Covid-19 in Singapore will have to pay for their own treatment.

This new ruling has started two days ago on Mar. 7.

Photo from Josephine Teo/FB.",92,2020-03-09T13:25:20.000Z,mothershipsg,2.26e+18
5339,https://www.instagram.com/p/B8i5QlpHXI_/,"Hand sanitisers have been made available to PUB staff, and every employee has been given a personal thermometer. They are to monitor their daily body temperature and report it twice daily.",29,2020-02-14T11:14:25.000Z,mothershipsg,2.24e+18
5414,https://www.instagram.com/p/B8bUwYenPJ3/,"Resorts World Sentosa has been monitoring the coronavirus situation and previously stepped up on precautionary measures. Here‚Äôs a statement from their website:

Resorts World Sentosa is monitoring the novel coronavirus situation closely and is taking guidance from the Ministry of Health.

The safety and well-being of our guests and team members are our top priority. We have increased the frequency of disinfection across the resort, especially in areas with high traffic. Hand sanitisers, masks and thermometers are also available at various touchpoints.

Should you feel unwell during your stay or develop respiratory symptoms such as fever, cough or runny nose, please approach our team members immediately for assistance.‚Äù Photo from Google Maps",93,2020-02-11T12:40:45.000Z,mothershipsg,2.24e+18
5437,https://www.instagram.com/p/B8WYe9AndrI/,"The worker reported onset of symptoms on Feb. 1, but was only admitted to the intensive care unit at Changi General Hospital (CGH) on Feb. 7.

Prior to hospital admission, he had visited Mustafa Centre (145 Syed Alwi Road) and stayed at The Leo dormitory (25 Kaki Bukit Road).",105,2020-02-09T14:37:08.000Z,mothershipsg,2.24e+18
