,title,name,score,id,url,num_comments,created_dts,upvote_ratio
0,"COVID-19: Singapore confirms 876 new cases, total crosses 23,000",t3_ggwxig,69,ggwxig,https://sg.news.yahoo.com/covid-19-singapore-confirms-876-new-cases-total-crosses-23000-071033779.html,96,2020-05-10 15:19:29,0.94
1,"Singapore reports 249 new COVID-19 cases, including 16 in the community",t3_hrj8sq,31,hrj8sq,https://www.channelnewsasia.com/news/singapore/covid-19-community-imported-cases-dorms-jul-15-moh-12933672,37,2020-07-15 15:31:20,0.89
2,"642 new Covid-19 cases in Singapore, bringing total to 31,068",t3_gp0o56,59,gp0o56,https://www.straitstimes.com/singapore/health/642-new-covid-19-cases-in-singapore-bringing-total-to-31068,66,2020-05-23 15:13:32,0.9
3,"Covid-19 Update for January 11: 639 new cases, 815 recoveries, 23 deaths + Expanded Vaccine Eligibility",t3_kvfn7v,255,kvfn7v,https://www.reddit.com/r/alberta/comments/kvfn7v/covid19_update_for_january_11_639_new_cases_815/,94,2021-01-12 08:01:51,0.99
4,Singapore on her 10 day streak without any local transmissions,t3_jxl3m8,96,jxl3m8,https://cna.asia/377wMrN,29,2020-11-20 15:57:37,0.92
5,Why is Singapore's COVID-19 death rate the world's lowest,t3_iy7b75,153,iy7b75,https://www.reuters.com/article/idUSKBN2680TH?utm_source=reddit.com,44,2020-09-23 18:03:59,0.95
6,"18 new Covid-19 cases in Singapore, all imported; no local cases for 14th day",t3_k00u5m,108,k00u5m,https://www.straitstimes.com/singapore/18-new-covid-19-cases-in-singapore-all-imported-no-local-cases-for-14th-day,48,2020-11-24 15:56:34,0.97
7,why do you think covid-19 cases are on the rise lately?,t3_ftccpi,7,ftccpi,https://www.reddit.com/r/singapore/comments/ftccpi/why_do_you_think_covid19_cases_are_on_the_rise/,41,2020-04-02 08:38:36,0.64
8,"102 new COVID-19 cases in Singapore, including 5 in the community",t3_i8w6c9,42,i8w6c9,https://www.channelnewsasia.com/news/singapore/covid-19-singapore-new-cases-aug-13-imported-cases-13016200,16,2020-08-13 16:29:28,0.9
9,East Spring Secondary School student tests positive for Covid-19,t3_hhg41m,71,hhg41m,https://mothership.sg/2020/06/student-covid-19-june-28/,20,2020-06-28 23:17:05,0.95
10,344 New Cases of Covid-19 Infection. The lower number of cases today due to fewer tests being conducted.,t3_gq6m9e,66,gq6m9e,https://www.channelnewsasia.com/news/singapore/coronavirus-covid-19-singapore-344-cases-may-25-moh-12766552,44,2020-05-25 15:31:12,0.87
11,No Singapore residents among 218 new COVID-19 infections; 1 community case,t3_hdngyt,28,hdngyt,https://sg.news.yahoo.com/no-singapore-residents-among-218-new-covid-19-infections-1-community-case-071139543.html,21,2020-06-22 15:14:49,0.82
12,"COVID-19: Singapore confirms 533 new cases, total at 32,876",t3_grevlj,44,grevlj,https://sg.news.yahoo.com/covid-19-singapore-confirms-533-new-cases-total-at-32876-070923734.html,24,2020-05-27 15:12:18,0.87
13,383 New Cases of Covid-19 Infection. The lower number of cases today due to fewer tests being conducted.,t3_gqsfjj,36,gqsfjj,https://www.channelnewsasia.com/news/singapore/covid-19-new-cases-may-26-top-32000-citizen-pr-dormitory-12769060,17,2020-05-26 15:26:35,0.83
