,post_id,user_id,date_time,comment_raw
0,2242612617067922450,207567201,2020-02-13 10:17:59,"Melancholic saxophone sounds might be the perfect soundtrack for this latest bit of news: Kenny G is postponing his concerts in Singapore and Malaysia over convers about Covid-19. He was supposed to perform on Feb 18 and 16, respectively, but no new dates have been announced.

But if you‚Äôre a 98 Degrees fan, you‚Äôre in luck ‚Äì the group has also announced a new date for their own postponed concert, which will be on May 19. It‚Äôs been a series of one postponement/cancellation after another ‚Äì ex-Spandau Ballet singer Tony Hadley‚Äôs own show has been pushed back to Oct 10.

Meanwhile, other big Singapore music fests such as Garden Beats and One Love Asia are still set to continue on Feb 29 and May 1 and 2, respectively. For now at least. Read more on CNA Lifestyle, link in bio. #KennyG #98Degrees #SpandauBallet #COVID19 #coronavirus #Singapore #Malaysia #concerts (Photos: Instagram/kennyg, 98 degrees)"
1,2246194098684184321,207567201,2020-02-18 08:53:44,"Aside from frequent hand washing, cleaning your phone often is another way to minimise your brush with germs, including the coronavirus. Think about it: Your phone is the first and last thing you touch daily, which means you‚Äôre putting an inordinate amount of microbes on it ‚Äì and these thrive there because of the heat from the devices.

Citing a study done on the coronavirus, Dr Jyoti Somani of the Division of Infectious Diseases at National University Hospital pointed out that the virus can survive on common phone materials such as glass, metal and ceramic ""on average about three days in our local climate"", and ""a shorter period of time on aluminum.‚Äù If you‚Äôre afraid that cleaning with alcohol might damage your precious (and expensive) phones, try using a solution that‚Äôs one part rubbing alcohol (with an alcohol percentage of 70) and one part water to dilute it.

And it‚Äôs always best to use phone covers and have a screen protector ‚Äì cleaning these is safer than a naked phone. Read more on CNA Lifestyle, link in bio. #coronavirus #COVID19 #hygiene #health #handphone #mobilephone (Photo: Pexels)"
2,2250682076995372045,207567201,2020-02-24 13:30:33,"The Venice Carnival is one of Italy‚Äôs most popular events, drawing many tourists from around the world. But no thanks to the coronavirus outbreak, it was abruptly ended on Sunday (Feb 23) by organisers.
Events scheduled that day continued as planned, but the remaining two days have been scrapped ‚Äì and other events as well until Mar 1. Earlier, the first two cases of coronavirus in the lagoon city were reported as officials struggled to contain an outbreak of the disease across northern Italy. #Venice #VeniceCarnival #Italy #coronavirus #COVID19 (Photo: AFP)"
3,2252730547277471339,207567201,2020-02-27 09:20:29,"That‚Äôs Gwyneth Paltrow wearing a mask during her flight to Paris. And the movie she‚Äôs referring to is Contagion.

The actress uploaded a lengthy Instagram post on Wednesday (Feb 26) sharing what precautions she‚Äôs taking against the COVID-19 outbreak ‚Äì while referencing the 2011 movie she starred in, which has gained popularity once more because of the ongoing health situation. ‚ÄúParanoid? Prudent? Panicked? Placid? Pandemic? Propaganda? Paltrow‚Äôs just going to go ahead and sleep with this thing on the plane. I‚Äôve already been in this movie. Stay safe. Don‚Äôt shake hands. Wash hands frequently,‚Äù she wrote.

Follow us on CNA Lifestyle for more entertainment stories, link in bio. #GwynethPaltrow #Contagion #movie #coronavirus #COVID19 (Photo: Instagram/gwynethpaltrow)"
4,2253504923438652172,207567201,2020-02-28 10:59:02,"After appearing in Carpool Karaoke and performing at NYC‚Äôs Grand Central Station for their new album Map Of The Soul: 7, BTS just announced it's cancelling four concerts they were due to hold in Seoul in April, because of the COVID-19 outbreak. The shows were scheduled to take place between Apr 11 and 19 at Seoul's Olympic Stadium and were expected to draw ""over 200,000"" fans.

Big Hit Entertainment said in a statement it was ‚Äúimpossible at this time to predict the scale of the outbreak‚Äù, creating uncertainty over the movement of staff, equipment and fans, making the cancellation ‚Äúunavoidable.‚Äù Read more on CNA Lifestyle, link in bio. #BTS #MapOfTheSoul #Kpop #music #concert #coronavirus #COVID19 #RM #Jungkook #V #Jimin #Suga #Jin #JHope (Photo: Twitter/BTS_official)"
5,2253678324304113855,207567201,2020-02-28 16:43:33,"With the coronavirus outbreak affecting everyone, it‚Äôs probably no surprise that face masks have found their way on the fashion catwalk.

At this year‚Äôs Paris Fashion Week, Marine Serre‚Äôs collaboration with urban air mask maker Airinum was in the spotlight ‚Äì Japanese model Akimoto Kozue was spotted wearing them, while Dutch influencer Romy D‚ÄôFonseca also posted herself wearing it on Instagram. Serre‚Äôs own show featured some pretty conspicuous face accessories, including some knit pieces.

Read more on CNA Lifestyle, link in bio. #ParisFashionWeek #fashion #accessory #catwalk #Paris #facemask #mask #MarineSerre #Airinum #airpollution #coronavirus #COVID19 (Photo: Instagram/akimoto_kozue)"
6,2254318456933855689,207567201,2020-02-29 13:55:23,"Is Corona beer related to the coronavirus? The answer may seem like a no-brainer, but in the US, it‚Äôs not that simple.

A survey released 5W Public Relations this week revealed 38 per cent of Americans wouldn't buy Corona ""under any circumstances"" and 14 per cent said they wouldn't order a Corona in public because of the outbreak. For the survey, 737 beer drinkers in the United States were polled.

Additionally, CNN reported that online searches for ‚Äúcorona beer virus‚Äù spiked in early February. Read more on CNA Lifestyle, link in bio. #Corona #beer #Coronabeer #coronavirus #COVID19 (Photo: Instagram/Corona)"
7,2256607721176825118,207567201,2020-03-03 17:43:44,"With more than 5,000 coronavirus cases reported in South Korea as of March 3, Korean entertainers are showing their support by making donations to relief groups. Actor Lee Min-ho, for example, has pledged 300 million won (S$350,000) to eight different organisations. Meanwhile, members of K-pop boyband EXO - Suho and Kai - have donated 50 million won each to various charities. More details via the link in bio! #Kpop #Korea #Korean #celebrities #COVID19 #coronavirus #charity #donation #CNAlifestyle (Pic: Instagram/weareone.exo)"
8,2257910138149281847,207567201,2020-03-05 12:51:25,"Setting aside all morbid quips about the movie title, it seems James Bond fans will have to wait a bit longer to see Daniel Craig‚Äôs final outing as 007. The 25th Bond film No Time To Die has been postponed to November because of COVID-19. The movie was originally meant to debut in April, but there are concerns it would severely hamper ticket sales for the movie.

The announcement was made on the official James Bond Twitter account. According to Variety, the outbreak has led to widespread closures of theatres in major regions such as South Korea, China, Japan and Italy. The magazine‚Äôs inside sources have also revealed theatre closures have had a big impact on profit margins, with revenues in markets like Hong Kong and Taiwan dropping by 50 per cent and sales in Italy grinding to a halt.

Read more on CNA Lifestyle, link in bio. #JamesBond #NoTimeToDie #DanielCraig #Hollywood #movies #coronavirus #COVID19 (Photo: AFP)"
9,2258530353421841821,207567201,2020-03-06 09:23:40,"Nothing like announcing to everyone that you‚Äôre pregnant by releasing a new music video.

Katy Perry dropped the new music video for Never Worn White a couple of days ago ‚Äì and you‚Äôll see her cradling a baby bump in the final seconds.
Shortly before it dropped, Perry had published a snippet of the clip, fuelling speculation the singer might be expecting her first child with fiance Orlando Bloom. ""Let's just say it's gonna be a jam packed summer..."" Perry wrote afterwards on various social media sites.

That said, the couple is in no hurry to tie the knot. ET Online reported that they‚Äôll be postponing their wedding ‚Äì which was supposed to be held in Japan this year ‚Äì till 2021 because of the coronavirus. #KatyPerry #pregnant #NeverWornWhite #musicvideo #OrlandoBloom #wedding #coronavirus #COVID19 (Photo: Instagram/KatyPerry)"
10,2258643990547439463,207567201,2020-03-06 13:09:27,"A little coronavirus setback wasn‚Äôt going to stop Joey Yung from putting on a show ‚Äì even if it was in a busy train station.

Earlier this week, the Hong Kong singer‚Äôs Paris concert was called off because of the outbreak, but she decided to make the most of it on her way to the next concert venue in the Netherlands. At the station, she met some fans and decided to give them a very special treat ‚Äì plonking herself in front of a piano and singing her hit song Chuo Qi.

She posted the performance on Instagram on Wednesday. ‚ÄúIt is very regretful that the concert in Paris has been cancelled. However, I felt that since I‚Äôm already here, I should at least perform something for the audience,‚Äù she said in the video. Read more on CNA Lifestyle, link in bio. #JoeyYung #busker #Paris #concert #trainstation #coronavirus #COVID19 (Photos: Instagram/yungchoyee)"
11,2261585399629853031,207567201,2020-03-10 14:33:30,"Singapore‚Äôs F&B scene has taken a big hit due to COVID-19, with some restaurants reporting a drop in sales by as much as 70 to 80 per cent. But despite that, some restaurants and cafes have banded together to do their bit by funding meals for people working at the National Centre for Infectious Diseases.

These include Restaurant Labyrinth and Sanity Coffee (the photo shows, from left, the latter‚Äôs Diya Tan and the former‚Äôs chef-owner LG Han) as well as their friends at Keng Eng Kee Seafood, Jam At Siri House and Pezzo Group.

Han said: ‚ÄúEven if local F&B businesses don‚Äôt have money, we have food. We can make a difference through food.‚Äù How does the initiative work? It ranges from actual food and coffee deliveries to financial contributions. Read the story on CNA Lifestyle to find out how you can also chip in. Link in bio. #F&B #Singapore #restaurants #food #inspiration #coronavirus #COVID19 (Photo: Labyrinth)"
12,2262394849685127235,207567201,2020-03-11 17:21:44,"In times like these, people should know better. Unfortunately, that doesn‚Äôt seem to be the case. According to Health Minister Gan Kim Yong, many locally transmitted COVID-19 cases in Singapore ""were the result of the socially irresponsible actions of a few individuals"" who continued to attend events and activities despite being unwell.

To curb the spread of the coronavirus in Singapore, members of the public should avoid social contact and see a doctor early if unwell, he recently said.

How many bad eggs? About 35 out of the 160 confirmed cases in Singapore so far did not minimise social contact although they had already developed fever or respiratory symptoms, or had not consulted a doctor early when unwell. More than a fifth (22 per cent) continued to work or carried on with their daily routine despite being sick. Check out our IGTV video to find out how a few #COVID19 cases led to many more infections. #health #coronavirus #Singapore (Photo: Unsplash)"
13,2262903965813614718,207567201,2020-03-12 10:13:15,"Tom Hanks and Rita Wilson have both tested positive for coronavirus in Australia. The couple, both 63, came down with a fever while Hanks was filming a new movie there, and have been isolated in a hospital.

Hanks was doing a movie about the life of Elvis Presley and the couple become the first major Hollywood stars to publicly state they‚Äôve got the virus that is sweeping around the world.
Hanks posted on Twitter: ‚ÄúTo play things right, as is needed in the world right now, we were tested for the coronavirus, and were found to be positive.‚Äù He also added a photo of a surgical glove placed inside a biohazard trash bag.

Read more on CNA Lifestyle, link in bio. #TomHanks #RitaWilson #Australia #coronavirus #COVID19 #Hollywood #actor #movie #ElvisPresley (Photo: AFP)"
14,2264303164035796793,207567201,2020-03-14 08:33:13,"If the COVID-19 situation has thrown a wrench into your travel plans, here‚Äôs some friendly advice from Prime Minister Lee Hsien Loong himself ‚Äì why not a staycation?

In a Facebook post on Mar 2, PM Lee said: ‚ÄúIt‚Äôs a good time to visit (or re-visit) our local attractions. If you‚Äôre worried about travel restrictions, consider a staycation at a local hotel. Above all, let us go about our lives as normally as possible.‚Äù And if you would‚Äôve normally gone on holiday around this time, then there‚Äôs your cue.

We‚Äôve listed 9 staycation deals for you ‚Äì whether it‚Äôs for a romantic getaway, family vacation or just some good ol‚Äô ‚Äúme‚Äù time. No need to book a flight out of town. Check our story on CNA Lifestyle, link in bio. #travel #tourist #staycation #Singapore #hotel #COVID19 #coronavirus (Photo: The Outpost Hotel)"
15,2268033229223408138,207567201,2020-03-19 12:04:11,"As COVID-19 cases soar and social distancing puts a dampener on everything, trust Bono to try and lift up everyone‚Äôs spirits with a song.

The U2 singer recently posted an original song on Instagram ‚Äì a piano ballad titled Let Your Love Be Known, which was inspired by the story of Italians singing during lockdown.

The lyrics go: ‚ÄúYou can‚Äôt touch, but you can sing across rooftops / Sing on the phone / Sing and promise me you won‚Äôt stop / Sing your love be known / Oh, let your love be known.‚Äù He continued with some encouragement: ‚ÄúYes, there is isolation / You and me we‚Äôre still here / Yes, when we open our eyes we‚Äôll stare down the fear.‚Äù Thanks, Bono. We can do this.

Read more on CNA Lifestyle, link in bio. #Bono #U2 #LetYourLoveBeKnown #music #coronavirus #COVID19 #inspiration (Photo: AFP)"
16,2268756753860839866,207567201,2020-03-20 12:01:42,"Daniel Dae Kim has joined a growing list of celebrities testing positive for COVID-19, which he got while shooting a TV series in New York City ‚Äì ironically, while playing a doctor helping patients during a flu pandemic.

Aside from announcing the news on Instagram, he also opened up about incidents of racism against people of Asian descent due to the outbreak. ‚ÄúPlease, please stop the prejudice and senseless violence against Asian people. Randomly beating elderly, sometimes homeless Asian Americans is cowardly, heartbreaking and inexcusable. Yes, I‚Äôm Asian, and yes I have coronavirus, but I did not get it from China. I got it in America. In New York City,‚Äù he said.

Kim added: ‚ÄúThough we keep doing our best to demonize each other, the #coronavirus doesn‚Äôt care what race, gender, religion or sexuality we are. Ironically, it knows better than we do a lesson I wish we could all learn, once and for all: that we are all human. We are all one.‚Äù #DanielDaeKim #Hollywood #actor #Asian #racism #coronavirus #COVID19 (Photo: Instagram/danieldaekim)"
17,2270893903607790756,207567201,2020-03-23 10:47:50,"Remember Evangeline Lilly‚Äôs video last week about refusing to self-isolate despite living with her very sick father? Well, Sophie Turner is having none of that.

The X-Men and Game Of Thrones actress took to Instagram over the weekend criticising people who refuse to stay at home despite the current pandemic. While Turner did not directly call out the Marvel actress, the references she made sounded like a direct response to Lilly‚Äôs own views about some people valuing freedom over their lives.

Turner said: ‚ÄúI don‚Äôt give a F about your freedom. You could be infecting other people, other vulnerable people around you, by doing this. So stay inside, guys. It‚Äôs not cool and it‚Äôs not big and it‚Äôs not clever.‚Äù Lilly‚Äôs original Instagram post saw her stubbornly defending her position on not self-quarantining, even going so far as to continue sending her children for gymnastics classes despite living with her father suffering from leukaemia and being immunocompromised herself. #SophieTurner #EvangelineLilly #selfisolation #quarantine #coronavirus #COVID19 (Photos: Instagram/sophiet,evangelinelillyofficial)"
18,2271603787328539683,207567201,2020-03-24 10:18:15,"Phua Chu Kang was there to lift our spirits during SARS and now he‚Äôs back to spit some words (in a hygienic manner) with a new rap song, this time against COVID-19.

Singapore Be Steady was released over the weekend on YouTube and in it, he talked about personal hygiene and hoarding, among other things. ‚ÄúShop at the market don‚Äôt be kiasu / Just buy what you need don‚Äôt jam the queue,‚Äù he said ‚Äì and that applies to those staying in JB and some say Batam.

The chorus goes: ‚ÄúThings different already / But Singapore be steady / Stay clean and healthy / Just use your brain, use your brain.‚Äù Check out the video on govsingapore‚Äôs YouTube channel and read the story on CNA Lifestyle, link in bio. #PhuaChuKang #rap #SingaporeBeSteady #COVID19 #coronavirus (Photo: Youtube/govsingapore)"
19,2272263923927639204,207567201,2020-03-25 08:09:49,"It‚Äôs official: There‚Äôs no Tokyo Olympics 2020 ‚Äì but it‚Äôs likely to be Tokyo Olympics 2021.

Japan's prime minister and the head of the International Olympic Committee have agreed to postpone the Tokyo 2020 Games by a year. The extraordinary move, unprecedented in peacetime, was made as the world battles the COVID-19 pandemic.

The Olympics, which has experienced boycotts, terrorist attacks and protests, but has been held every four years since 1948, would be the highest-profile event affected by the virus that has killed thousands and closed sports competitions worldwide.

The IOC has come under increasing pressure in recent days to postpone the Games, scheduled to start on Jul 24, with 1.7 billion people across the planet in lockdown to prevent the further spread of COVID-19. #Olympics #TokyoOlympics2020 #sports #coronavirus #COVID19 (Photo: Reuters)"
20,2272384258702519821,207567201,2020-03-25 12:08:54,"Amid the COVID-19 outbreak and dampened spirits everywhere, Super Junior's Choi Siwon has been busy on social media encouraging his fans and other people ‚Äì by sending tweets of hope in different languages.

He posted a flurry of uplifting tweets in Bahasa Indonesia, Korean and English on Mar 22. The K-pop singer is also a Regional Ambassador for UNICEF East Asia & Pacific. ‚ÄúWe are in fear of the uncertain future. But, let us not forget that spring comes no matter how cold winter is. Where disaster strikes, recovery ensues,‚Äù he wrote.

Siwon continued: ‚ÄúI believe that we shall rise again, as our wounded hearts will heal over time. At times like this, love, consideration, words of warm encouragement and sharing even the smallest of things will heal our soul.‚Äù He also wrote that he hoped borders would re-open soon, and ended off by telling everyone not to lose hope. #SuperJunior #Siwon #Kpop #hope #coronavirus #COVID19 (Photo: Instagram/siwonchoi)"
21,2273053705599679792,207567201,2020-03-26 10:18:59,"Prince Charles, the 71-year-old heir to the British throne, has tested positive for coronavirus but is in good health and is now self-isolating in Scotland with mild symptoms.

He has been working from his Birkhall residence, according to Clarence House. His wife, Camilla, 72, has tested negative. Meanwhile, Buckingham Palace said Queen Elizabeth, who is currently at Windsor Castle, is in good health.

Read more on CNA Lifesytle, link in bio. #PrinceCharles #Camilla #QueenElizabeth #coronavirus #COVID19 (Photo: Reuters)"
22,2273164569082193351,207567201,2020-03-26 13:59:15,"From Mar 26, 11.59pm, until Apr 30, public gatherings will be limited to a maximum of 10 people in Singapore. The COVID-19 multi-ministry task force will be closing all entertainment venues such as night clubs, discos, karaoke outlets, cinemas and theatres where it said there is a high risk of transmission due to sustained close contact over a period of time.

All centre-based tuition and enrichment classes will be suspended, too. Meanwhile, all religious services and congregations will also be suspended, although places of worship may remain open for private worship and essential rites, subject to a group size of up to 10.

Shows within attractions, whether indoor or outdoor, group tours at museums and open atrium sales events will also be suspended. Supermarkets can go ahead with such atrium sales events as they may be used to disperse crowds from their stores, the task force said. Stay safe and be responsible, everyone! #Singapore #nightlife #movies #clubs #coronavirus #COVID19 #booksaregoodforyou"
23,2273824829111362220,207567201,2020-03-27 11:51:04,"Ant Man And The Wasp star Evangeline Lilly took to Instagram on Friday (Mar 27) to apologise for comments she made in an earlier post about refusing to self-isolate, which drew criticism. In her original post on Mar 17, she remained adamant about going about her ‚Äú#businessasusual‚Äù despite living with her father ‚Äì who is suffering from stage four leukaemia ‚Äì and being immunocompromised herself.

Lilly wrote: ‚ÄúMy direct and special apologies to those most affected by this pandemic. I never meant to hurt you. When I wrote that post 10 days ago, I thought I was infusing calm into the hysteria. I can see now that I was projecting my own fears into an already fearful and traumatic situation.‚Äù Since changing her mind, the Lost actress explained that she was now putting her family under self-isolation and ‚Äúdoing my part to flatten the curve‚Äù. She said: ‚ÄúI have been social distancing since Mar 18th ‚Äì when social distancing was instituted in the small community where I am currently living.‚Äù Read more on CNA Lifestyle, link in bio. #EvangelineLilly #selfisolate #coronavirus #pandemic #COVID19 #health (Photo: AFP)"
24,2277458456604910090,207567201,2020-04-01 12:10:26,"Yes, it‚Äôs April Fools‚Äô Day. But you might want to hold back on that prank you‚Äôve been planning the entire year. Now‚Äôs not the right time ‚Äì and in some countries, you might even get in big trouble.

From Thailand to India, countries have told people not to make April Fools' Day pranks related to COVID-19, with some threatening jail time as they seek to prevent the spread of rumours which could put lives at risk.

Tech giant Google, which is famous for its annual spoofs, has cancelled the tradition because of the pandemic which has killed about 40,000 people worldwide.

Thailand said April Fools' Day jokes about the virus could be punished under a law carrying a sentence of up to five years in prison, while Taiwan's president posted on Facebook that anyone spreading rumours or false information could face up to three years in jail and/or a fine of up to NT$3 million.

In India, Maharashtra state's cyber security unit said it would take legal action against anyone spreading fake news today, while Germany‚Äôs health ministry also urged the public not to make up stories related to the virus, under the heading ‚ÄúCorona is no joke.‚Äù #AprilFools #coronaisnojoke #pranks #COVID19 #coronavirus (Photo: AP)"
25,2278067415061871622,207567201,2020-04-02 08:20:19,"The Wimbledon championships have been held every year since 1946 ‚Äì and now it‚Äôs been cancelled for the first time since World War Two.

The decision had looked inevitable for some time, since the virtual shutdown of world sport and the postponement of the Tokyo Olympics. It will instead be staged in June 2021.

Following the cancellation of the grasscourt major, and with the pandemic worsening in Europe and the US, the men's ATP Tour, women's WTA Tour and the International Tennis Federation extended the suspension of professional tennis for another five weeks to Jul 13. #Wimbledon #tennis #TokyoOlympics #sports #coronavirus #COVID19 (Photo: AFP)"
26,2278076119886682188,207567201,2020-04-02 08:37:37,"K-pop singer Kim Jae-joong of boyband JYJ (and former TVXQ member) is facing backlash after an irresponsible April Fools‚Äô Day prank saying he was hospitalised for contracting coronavirus.
""I have been infected with COVID-19. It is a result of my negligence, disregarding the cautionary words of the government and my friends,"" he said on Instagram.

After several hours, he edited the post to say he had gone too far, and also posted an apology note. ""I want to express my sincere apologies to the people who have suffered because of COVID-19 and to the people who were disrupted in their administrative work,‚Äù he wrote.
""What's wrong with Kim Jae-joong? Does he not perceive the seriousness of the situation right now?"" wrote a Twitter user.

Health authorities in South Korea had earlier on Wednesday warned of any pranks related to the coronavirus. Under South Korean law, those convicted of deceiving or deluding state officials or state agencies may be jailed for up to five years or face up to 10 million won (S$11,600) in fines. #KimJaejoong #JYJ #TVXQ #AprilFools #SouthKorea #Kpop #music #prank #coronavirus #COVID19 (Photo: Instagram/ jj_1986_jj)"
27,2278856732331923107,207567201,2020-04-03 10:28:33,"In the age of safe distancing and belt tightening, F&B players in Singapore say the industry is hanging by a thread.

The urgent need for support from landlords is a sentiment many restaurant owners share. ‚ÄúThere is so much rental pressure on restaurants where the operating cash flow is just two months out. If restaurants and retailers don‚Äôt get help from landlords, we cannot survive. (The landlords) have made so much money from us tenants over the last few years and now is the time they really have to step up to help us,‚Äù said Cynthia Chua of Spa Esprit Group, which includes establishments like Tiong Bahru Bakery.

Substantial rentals are not the only challenge facing Singapore‚Äôs restaurants today. ‚ÄúThere‚Äôs a lot of uncertainty as to when produce is coming in. Right now, we can get fish locally or from Malaysia, but with meat (mostly from Australia), the worry is what will happen when stocks here run out‚Äù said Cheek and Cloudstreet chef-owner Rishi Naleendra.

But the greatest challenge is the lack of traffic. Relish‚Äôs Willin Low said: ‚ÄúIf people stop coming out, then there‚Äôs no point in keeping a restaurant open.‚Äù Read the story on CNA Lifestyle, link in bio. #Singapore #food #restaurant #F&B #coronavirus #COVID19 #safedistancing #socialdistancing (Photo: Instagram/Tiong Bahru Bakery)"
28,2280297450967494941,207567201,2020-04-05 10:11:00,"While many were out and about busy stocking up on stuff before Singapore's ""circuit breaker"" measures kick in on Apr 7, actress Rebecca Lim was also seen going around different parts of the island this weekend.

But instead of shopping, she and a friend were giving away 400 care packs for the elderly and frontline heroes in essential services, with some help from sponsors. Aside from going door-to-door, Lim also handed out care packs to taxi drivers, cleaners and construction workers.

She wrote on Instagram: ""I hope you spread love and choose kindness. We will get there. #SGcares¬†#SGUnited."" #RebeccaLim #Singapore #charity #helping #circuitbreaker #coronavirus #COVID19 (Photos: Instagram/Rebecca Lim)"
29,2280310854931406920,207567201,2020-04-05 10:37:38,"How does one bring a bit of cheer into a stressful place like a hospital? Dress up in Teletubbies chic, that's how.

Filipino nurse Adrian Pe, who also happens to be a fashion designer, recently brightened up healthcare workers‚Äô work lives in the Philippines with his colourful, homemade protective suits. Seeing that hospitals were low on personal protective equipment, he decided to put his sewing skills to good use. The Teletubbies-themed protective suits that are now worn by the staff at The Medical City Iloilo.

In an Instagram post, Pe wrote: ‚ÄúI work a lot in the hospital and the work there is exhausting. And I have always taught myself to look for the beauty in it; to look in the beauty in the faces of the patients and to be grateful. And I will bring this aspect as a Nurse Designer, to see situations with a SILVER LINING‚Äù. #Teletubbies #Philippines #nurse #fashion #hazmat #hospital #inspiration #COVID19 #coronavirus (Photo: Instagram/senoritoaidz)"
30,2284679072315639915,207567201,2020-04-11 11:16:30,"Malaysia-based Singaporean actor Aaron Aziz has spent RM50,000 (S$16,500) to distribute essential supplies to the less fortunate during Malaysia‚Äôs MCO (Movement Control Order). Through his organisation Journey to Insyirah, Aziz relayed help to close to 1,000 needy individuals and families across Malaysia, including Pahang, Melaka, Johor, Perlis, Kedah, Selangor and Kuala Lumpur. ‚ÄúI hope that whatever we do will be of help to the needy at this moment,"" he said. üá∏üá¨üá≤üáæüí™#AaronAziz #charity #philanthropy #Singapore #Malaysia #MCO #coronavairus #COVID19 #CNAlifestyle (Pic: 8days.sg)"
31,2284716112323325344,207567201,2020-04-11 12:33:21,"Stay home, Singapore. Let‚Äôs make this circuit breaker work. #StayHome #StaySafe #CircuitBreakerSg #COVID19"
32,2286278879215935213,207567201,2020-04-13 16:15:02,"Kepuh village on Java island has deployed a cast of ""ghosts"" to patrol the streets, hoping that age-old superstition will keep people indoors and safely away from the coronavirus. Yes, ghosts.

Volunteers dressed up as pocong ‚Äì traditional ghostly figures in Indonesia that are typically wrapped in white shrouds with powdered faces ‚Äì walk the streets to basically scare villagers into staying at home.

At first it didn‚Äôt work because people actually went out to catch them walking around, but organisers have since changed tactics ‚Äì they‚Äôre now launching surprise patrols. And it seems to be working. According to one resident, ‚ÄúSince the pocong appeared, parents and children have not left their homes. And people will not gather or stay on the streets after evening prayers.‚Äù Boo!

Read more on CNA Lifestyle, link in bio. #Indonesia #ghosts #pocong #socialdistancing #coronavirus #COVID19 (Photo: Reuters)"
33,2286756473388604347,207567201,2020-04-14 08:03:56,How‚Äôs everyone doing? Singapore is well into its ‚Äúcircuit breaker‚Äù period and we hope everyone‚Äôs been behaving themselves. Here‚Äôs a little reminder of the do‚Äôs and don‚Äôts you can share with family and friends online. Stay safe everybody! #Singapore #safedistancing #circuitbreaker #coronavirus #COVID19 (Art: Rafa Estrada)
34,2287505310013121968,207567201,2020-04-15 08:51:44,"PSA: It‚Äôs now mandatory to wear a mask when stepping out of the house.

Singapore‚Äôs Minister for National Development Lawrence Wong made the announcement on Apr 14. Individuals who are caught refusing to wear a mask will be fined S$300 on their first offence, while those who flout the rule a second time will be fined S$1,000.

Foreign residents caught breaching these rules might have their work passes or permanent resident status revoked.

There are some exemptions: Children below the age of two don‚Äôt need to, and adults who are exercising (running and jogging) only need to put once they stop.

But that begs the question ‚Äì how do you clean your reusable cloth masks? Experts say you should wash it as often as you wash your underwear, meaning after every use. You should also boil it in water once in a while.

We‚Äôve got a whole story on mask maintenance on CNA Lifestyle so click on the bio link now! #mask #facemask #coronavirus #COVID19 #Singapore (Art: Rafa Estrada)"
35,2288284651290450353,207567201,2020-04-16 10:40:09,"When it comes to helping out in a pandemic crisis, every little step counts ‚Äì and retired army captain Tom Moore is literally doing that in his garden.

The 99-year-old war veteran has become a celebrity by raising at least ¬£6.4 million for Britain's health service with a walk around his garden during the COVID-19 crisis.

Captain Tom, who has used a walking frame to move around since breaking his hip, has set himself the target of walking the 25m around his garden 100 times before his 100th birthday later this month.

The story has lifted the hearts of a nation stuck in lockdown for the last month and weary of the relentless wave of grim news. Moore had originally aimed to raise ¬£500,000 but that target has been smashed as media attention from around the globe has zoomed in on his garden in Bedfordshire, central England.

His son-in-law Colin Ingram said Moore wanted to give something back after receiving such good care from the state-run National Health Service (NHS) when he broke his hip two years ago and in subsequent hospital visits. ""We said we'd give him a pound a lap, and thank goodness I didn't say I'd match any money he raised,‚Äù quipped Ingram.

Raising money for the NHS has given Moore a new lease of life and the veteran has no plans to stop, even though he is due to hit his 100-lap target on Thursday morning. Read more on CNA Lifestyle, link in bio. #CaptainTom #walking #fundraising #coronavirus #COVID19 #inspiration (Photo: Reuters)"
36,2288968176972937979,207567201,2020-04-17 09:18:11,"Everyone‚Äôs working from home ‚Äì and that includes a famous street artist like Banksy.

Unable to go out and spray on walls, he‚Äôs taken to creating a new artwork in his bathroom. He recently posted a photo on his Instagram account with the quip: ‚ÄúMy wife hates it when I work from home.‚Äù It features his trademark stenciled rats running amok around the sink and toilet.

The big question is ‚Äì does he still wear a mask at home? #Banksy #workfromhome #streetart #artist #graffiti #coronavirus #COVID19 (Photos: Instagram/Banksy)"
37,2289699210144456649,207567201,2020-04-18 09:30:37,"This weekend might be a good time to clean the house. Actually, you might want to take it a step further by disinfecting.

Wiping¬†the shelves and the TV console with a¬†cloth dampened with just water isn't enough to kill the coronavirus.¬†You'll need a cleaning agent that effectively kills bacteria, viruses and fungi¬†(read the label because not all can do all three). To make it more effective, let the liquid dry off on its own, and target these high-touch areas: Doorknobs, table surfaces, hard dining chairs (seat, back, and arms), kitchen and bathroom counters, taps, toilets (seats and flush handles), light switches, TV remote controls, and game controllers.

Read more of our tips on CNA Lifestyle, link in bio. #house #cleaningtips #coronavirus #COVID19 (Photos: Unsplash)"
38,2290470670064466377,207567201,2020-04-19 11:03:23,"McDonald's Singapore will suspend restaurant operations in all its outlets¬†from Apr 19 until the end of the ""circuit breaker"" period.

In a press release, it said: ""McDonald‚Äôs Singapore today announced it has been advised by the Ministry of Health that as a preventative¬†action in the fight against COVID-19 in Singapore, it is suspending restaurant operations, including¬†McDelivery and Drive-Thru, till May 4."" This move - which includes drive-through and delivery services - went into effect from 11am Sunday,¬†and comes a day after the fast food chain announced the¬†suspension of takeaways.

In announcing its previous move to suspend takeaways, the company said that it would¬†continue to pay salaries of employees, including¬†seniors, whose roles will be disrupted during this period. There are seven McDonald's employees infected with COVID-19 to date. #McDonalds #Singapore #fastfood #circuitbreaker #coronavirus #COVID19"
39,2291845206349602400,207567201,2020-04-21 08:34:20,"They were supposed to help save the day. Instead, it‚Äôs back to the drawing board for the Virus Vanguard, Singapore‚Äôs anti-COVID-19 superhero team.

The five-member fictional team made its debut on the Gov.sg website on Apr 21 but was taken down less than a day, with the Ministry of Communications and Information (MCI) saying it‚Äôs ‚Äúundergoing a review‚Äù after receiving a lot of feedback about the characters.

Virus Vanguard was a collaboration between Gov.sg and art collective Band of Doodlers. The plan was to create a comic series to convey the different aspects of the ""circuit breaker"" measures aimed at stemming the spread of the coronavirus. But some characters were criticised for too much levity while others felt the emphasis could have been on healthcare workers.

But one character drew much of the flak ‚Äì MAWA Man, a Manchester United-supporting character who really doesn‚Äôt like Liverpool FC. The name, Must Always Walk Alone, was a jibe at the latter‚Äôs motto You‚Äôll Never Walk Alone. An online petition by LFC supporters to withdraw the character received more than 500 signatures.

Band Of Doodlers founder Mas Shafreen has apologised, saying the characters ‚Äúcame across insensitive‚Ä¶ A group of us, including myself, wanted to create superhero characters to show appreciation for our frontliners, including healthcare workers, and how we can battle this together.‚Äù Read more on CNA Lifestyle, link in bio. #VirusVanguard #superhero #MAWA #YNWA #LFC #coronavirus #COVID19 (Photo: Gov.sg)"
40,2292564831156716204,207567201,2020-04-22 08:24:06,"Singapore‚Äôs ‚Äúcircuit breaker‚Äù period has been extended to June 1. But if you were thinking of ordering online a nice, refreshing cup of bubble tea to comfort yourself, that might be hard.

The list of essential services that will stay open during this period have been trimmed even further. That means specialised food and beverage outlets will have to shut for now, including outlets that ‚Äúpredominantly‚Äù sell drinks like bubble tea, fruit juice, smoothies, coffee, soya bean and alcoholic drinks. Popcorn stores, bak kwa shops, ice cream shops, outlets that mainly sell cakes, cupcakes, cheese and other desserts will have to close too.

And if you‚Äôve got zero shaving skills, you might have to resign yourself to growing your hair out this circuit breaker period), as hairdressers and barbers will have to close their outlets. Read our story on what you can or cannot do under tighter circuit breaker rules on CNA Lifestyle, link in bio. #Singapore #circuitbreaker #bubbletea #coronavirus #COVID19 (Photo: Unsplash)"
41,2297650378157991096,207567201,2020-04-29 08:48:10,"Lights, camera, online action! There‚Äôs big news in the world of Hollywood ‚Äì movies that were only released on streaming platforms or video on demand to be eligible for the Oscars next year.

The rule change was, of course, because of the coronavirus pandemic, which has affected a lot of movie releases this year. Usually, the Academy of Motion Picture Arts and Sciences requires at least a seven-day run in Los Angeles theaters for movies to be eligible.

The news comes right after after the world‚Äôs biggest film festivals ‚Äì which were also affected by COVID-19 ‚Äì decided to hold a huge 10-day online festival in May instead. Called We Are One: A Global Film Festival, it‚Äôll feature films curated from over 20 festivals around the world, including biggies such as Cannes, Sundance, Berlin, Venice and Toronto film festivals. #Oscars #AcademyAwards #Hollywood #movie #streaming #film #festival #coronavirus #COVID19 (Photo: AFP)"
42,2299864837039440608,207567201,2020-05-02 10:07:55,"UK's Princess Charlotte, the daughter of Prince William and his wife Kate, celebrated her fifth birthday on Saturday (May 2). And to mark the occasion, a handful of photographs were released to show what she's been doing during lockdown.

And apparently, she's being very charitable. The photographs were taken last month by her mother at the Sandringham Estate in eastern England, where the family helped to pack and deliver food parcels for isolated pensioners in the local area. #PrincessCharlotte #royalfamily #PrinceWilliam #KateMiddleton #lockdown #COVID19 #coronavirus (Photos: Reuters)"
43,2307838010108307294,207567201,2020-05-13 10:09:11,"Canadian rocker Bryan Adams has recently apologised after a backlash and accusations of anti-Chinese racism over his online rant about the pandemic forcing the cancellation of his London shows this week.

The Please Forgive Me and Cuts Like A Knife singer issued a statement offering ""apologies to any and all that took offence to my posting yesterday‚Äù and added: ""I have love for all people."" Adams had said in earlier expletive-laced Twitter and Instagram posts that his gigs at the Royal Albert Hall were nixed thanks to ""bat eating, wet market animal selling, virus making greedy bastards."" He also admonished the Chinese to go vegan.

While animal rights groups praised his call to stop eating meat, others interpreted the expletive-laced comments as anti-Chinese. In his apology, Adams explained: ""No excuse, I just wanted to have a rant about the horrible animal cruelty in these wet markets being the possible source of the virus, and promote veganism."" Read more on CNA Lifestyle, link in bio. #BryanAdams #antiChinese #rock #music #concert #PleaseForgiveMe #CutsLikeAKnife #COVID19 #coronavirus (Photo: AFP)"
44,2312200292502129457,207567201,2020-05-19 10:36:15,"Twenty years after leaving the group, Robbie Williams will be taking back his spot in Take That ‚Äì but only for an online concert for charity, which will take place on May 29.

He‚Äôll be joining Gary Barlow, Mark Owen and Howard Donald for a benefit show for music therapy charity Nordoff Robbins and Crew Nation, which provide support for concert crew members during the pandemic outbreak. No word yet on whether Jason Orange will also be re-joining his old group.

The concert will be hosted on the Compare The Meerkat YouTube and Facebook pages. Read more on CNA Lifestyle, link in bio. #RobbieWilliams #TakeThat #concert #charity #music #boyband #GaryBarlow #MarkOwen #HowardDonald #JasonOrange #coronavirus #COVID19 (Photo: Reuters)"
45,2317987898666165506,207567201,2020-05-27 10:15:12,"Remember that viral video of Andrea Bocelli singing by himself in Milan‚Äôs Duomo? That touching performance by the famous blind Italian tenor back in Apr 12 turned out to be much more poignant than we thought ‚Äì he recently revealed he had tested positive for COVID-19 a month before that.

Bocelli described his experience as ‚Äúa nightmare‚Äù. ‚ÄúIt was a tragedy, my whole family was contaminated. We all had a fever ‚Äì though thankfully not high ones ‚Äì with sneezing and coughing,‚Äù he told journalists at a hospital in Pisa where he had gone with his wife to donate their plasma for COVID-19 research.

Read more on CNA Lifestyle, link in bio. #AndreaBocelli #singer #tenor #Milan #Duomo #coronavirus #COVID19 (Photo: AFP)"
46,2321899337730534435,207567201,2020-06-01 19:54:41,"As Singapore segues into its post-circuit breaker journey, Mediacorp and Gov.sg present a montage of stories featuring people who‚Äôve been impacted by the ongoing COVID-19 outbreak, and how everyone has come together to emerge stronger during the crisis. It's capped off with a song performance led by singer Joanna Dong and the Singapore Symphony Choruses. #SingaporeTogether #StrongerAsOneSG #COVID19 #circuitbreaker #resilience #storiesofhope (Video: Mediacorp)"
47,2329878735071189150,207567201,2020-06-12 20:01:19,"From closed venues to cancelled shows, how is Singapore‚Äôs art community¬†coping during the COVID-19 pandemic?

DJ KoFlow gives us a sneak peek at what he's been up to, with a special tutorial demo just for you. He's part of a brand new documentary on the #stayhome lives of¬†8 Singaporean artists, titled Artists Unstaged, which premieres on Jul 24 (Friday), 9.30pm, on CNA.

If you like what he's done, don't forget to sound-off in the comments below! #DJKoFlow #Singapore #music #djing #tutorial #howto #COVID19 #pandemic (Video: @djkoflow )"
48,2332586569829924429,207567201,2020-06-16 13:40:09,"Phase 2 of Singapore‚Äôs reopening will start on Friday (Jun 19) with social gatherings of up to five people allowed. Retail outlets can open, dining in at F&B outlets will be permitted, and tuition and other private enrichment classes can resume with some exceptions. Bookmark this and share with family and friends. And remember to mask up and practice safe distancing! #Singapore #Phase2 #COVID19 #mask #safedistancing (Art: Rafa Estrada)"
49,2336874372752968303,207567201,2020-06-22 11:39:15,"Last year, Nat Ho moved to Los Angeles to start a course in music production. No one imagined the world would change in just a few short months ‚Äì and the 36-year-old Singaporean actor-singer would experience the Black Lives Matter protests and the COVID-19 pandemic in another country.

CNA Lifestyle recently had a quick email chat with Ho. ‚ÄúI think when the Black Lives Matter protests first happened, they were peaceful, until various groups with different agendas started hijacking the movement, rioting and looting until curfews were implemented. Won‚Äôt lie ‚Äì that week was pretty stressful. I could hear sirens and police helicopters every night, and the occasional sound of gunshots. Later that week, there was also a report of an active shooter in my neighborhood, so that was slightly stressful,‚Äù he said.

But for the most part, he‚Äôs been safe and sound. Aside from his music course, he also found time to do a bit of acting ‚Äì he‚Äôs part of a web series called Comisery, which was shot entirely over Zoom and was a project to celebrate Asian-Pacific American Heritage Month. Read our interview with Nat Ho in CNA Lifestyle, link in bio. #NatHo #LosAngeles #Singapore #actor #singer #pandemic #COVID19 #BlackLivesMatter (Photo: Instagram/iamnatho)"
50,2341926440072963466,207567201,2020-06-29 10:56:48,"Making ends meet hasn't been easy with the global pandemic taking a toll on some families' incomes. But two stay-home mothers who live in Jalan Kukoh, one of the least well-off neighbourhoods in Singapore, have tried to weather the storm by starting home-based food businesses.

Nurhazirah Binte Rahmat launched Zirah La Cocina to sell crisp, fluffy tahu begedil, while Siti Khadijah started Lady‚Äôs FoodIcon to sell her ‚Äúpoprolls‚Äù after learning about the carbonara popiah food trend in Malaysia.

Both mothers are part of Project Cookoh, an initiative that began in April, thanks to Samantha Kwan, a member of the volunteer organization Readable, which works with children in the area to equip them with literacy skills.

Read their inspiring stories on CNA Lifestyle, link in bio. #Singapore #JalanKukoh #Readable #mothers #begedil #tahubegedil #popiah #carbonarapopiah #food #ZirahLaCocina #LadysFoodIcon #inspiring #COVID19 #circuitbreaker (Photos: Ijah, Zirah, Lady‚Äôs FoodIcon, Zirah La Cocina)"
51,2347076800437681801,207567201,2020-07-06 13:29:39,"Broadway actor Nick Cordero died on Sunday (Jul 5) after months of battling COVID-19. He was 41 years old.

His wife, Amanda Kloots, had been updating her page with news of Cordero‚Äôs health for the past few months since he was first hospitalised at the end of March. He‚Äôd had several complications from the disease, and had his leg amputated in April.

Cordero was a Tony Award-nominated actor for his role in Bullets Over Broadway, and was also known for appearing in Rock Of Ages, Waitress and A Bronx Tale. Read more on CNA Lifestyle, link in bio. #NickCordero #Broadway #actor #COVID19 #coronavirus (Photo: Instagram/nickcordero1)"
52,2349872674603539029,207567201,2020-07-10 10:06:39,"We stayed up late in Singapore to have a chat with Hollywood‚Äôs nicest guy, who has some important words to say about washing hands, wearing a mask and streaming movies at home, including his latest, Greyhound. Read more on CNA Lifestyle, link in bio. #TomHanks #Greyhound #Hollywood #movie #celebrity #actor #COVID19 (Video: Joyee Koo)"
53,2350551192194879111,207567201,2020-07-11 08:32:39,"If you're out this weekend and have to use a public bathroom, think not just of yourself but others after you. The best defenses against bathroom contagions are a mask, social distancing, limiting the surfaces you touch with your hands and hand hygiene.

1. Consider larger bathrooms with multiple stalls because they have more air circulation.

2. If someone exits a bathroom stall or a single bathroom right before you, try waiting at least 60 seconds before entering ‚Äì especially if the toilet seat lid is up, signifying more plume.

3. Skip the paper toilet seat covers. They are likely placebo ‚Äì we have no idea if they offer protection from bacteria or viruses ‚Äì and they could easily be contaminated with toilet plume, so touching them with your hands could be a source of infectious transmission.

4. If you need to dispose of a menstrual product in one of those little containers, touch the lid with a wad of toilet paper and sanitise your hands after. Those lids are among the worst surfaces in the bathroom stall: Touched by many unwashed hands and showered with infectious plume.

5. If the toilet has a lid, close it before you flush so it traps the plume. Think of the lid as a mask for the toilet.

6. If an automated toilet is flushing, step back because those things spray.

7. How you dry your hands after washing probably doesn‚Äôt matter; paper towels or dryers are likely equal. But do avoid shared, reusable hand towels.

8. Get out of there quickly. Chatting in bathrooms is the new smoking in bathrooms ‚Äì it‚Äôs a relic of the past. If you have to open a door to exit, use hand sanitiser after you leave.

Read the full story on CNA Lifestyle, link in bio. #hygienetips #toilets #etiquette #pandemic #COVID19 (Art: The New York Times)"
54,2352034932427559621,207567201,2020-07-13 09:40:35,"Revered Bollywood actor Amitabh Bachchan's daughter-in-law and granddaughter have joined him and his son in testing positive for COVID-19, the family said on Sunday (Jul 12), in one of the highest-profile cases of the pandemic sweeping India.

From hospital with his father in Mumbai, Amitabh Bachchan's son Abhishek said his wife and former Miss World Aishwarya Rai Bachchan and their eight-year-old daughter had also been infected by the new coronavirus.

He tweeted: ""Aishwarya and Aaradhya have also tested COVID-19 positive. They will be self quarantining at home."" He added that other family members had tested negative and thanked Indians for their wishes and prayers. Read more on CNA Lifestyle, link in bio. #AmitabhBachchan #AishwaryaRai #AbhishekBachchan #India #Bollywood #celebrity #COVID19 (Photo: Reuters)"
55,2352099270056116993,207567201,2020-07-13 11:48:24,"Actress Michelle Chong has released her version of the popular Xue Hua Piao Piao meme ‚Äì to remind people to continue safe distancing.

In her version, which you can see on her Instagram account, Chong (or her Ah Lian persona) sticks with the usual snow-filled background that is synonymous with the original meme, but she also included images of the coronavirus floating around as she sings into a bunch of flowers.

The lyrics, translated into English, remind people about the ‚ÄúVirus floating around / Don‚Äôt play the fool‚Äù and also to wear a mask and wash your hands ‚Äúif not, COVID won‚Äôt be gone.‚Äù ‚ÄúWe are still in Doskong Orleng (Dorscon Orange) ok!‚Äù she wrote.

Read more on CNA Lifestyle, link in bio. And don‚Äôt forget to check out her hilarious post! #MichelleChong #AhLian #XueHuaPiaoPiao #COVID19 #safedistancing (Photo: Instagram/immichellechong)"
56,2353008541442552676,207567201,2020-07-14 17:55:36,"This year's NDP 2020 theme song, Everything I Am, was performed by Nathan Hartono and features ""everyday Singaporeans"" who joined the fight against the COVID-19 pandemic. #NDP2020 #NathanHartono #COVID19 #pandemic #Singapore (Video: @ndpeeps)"
57,2353438823496918131,207567201,2020-07-15 08:09:51,"Is it even possible to enjoy a rollercoaster ride without screaming? An instructional video from Japanese theme park operator Fujikyuko shows you how to do just that, to avoid spreading COVID-19.

The video, which was posted last month and has since gone viral, features two mask-wearing executives from the park going on a (quiet) ride, ending with the request to ‚Äúscream inside your heart‚Äù ‚Äì which social media users have dubbed a slogan for the whole of what‚Äôs been a crazy year. ‚ÄúLiterally the best description of 2020 I‚Äôve ever read,‚Äù one Twitter user said.

Aside from keeping safe, what‚Äôs in it for customers? If they keep quiet, they get a discount on their photos taken. Read more on CNA Lifestyle, link in bio. #screaminsideyourhead #Japan #rollercoaster #themepark #Fujikyuko #COVID19 (Photo: YouTube/Fuji-Q Highland Official)"
58,2354161034100821198,207567201,2020-07-16 08:04:46,"One of Singapore‚Äôs most popular food places is in danger of closing down in the next two months because of the pandemic.

Founder Bak Kut Teh‚Äôs second-gen owner Nigel Chua made a plea on social media for people for support after describing the 42-year-old business being in ‚Äúthe most difficult crisis we have ever had.‚Äù He added that sales have dropped 85% for the last five months.

He wrote: ‚ÄúBusiness is bad; really bad. If this continues, Founder Bak Kut Teh will not tide over the pandemic.‚Äù In a last ditch effort, they are giving over 30% off curated sets for dine-in customers from Jul 17 to Aug 17.

‚ÄúPlease save our brand, the jobs of our numerous employees and our heritage,‚Äù Chua wrote. #FounderBakKutTeh #bakkutteh #Singapore #food #heritage #pandemic #COVID19 (Photos: Facebook/Founder Bak Kut Teh Cafeteria)"
59,2362937913997842596,207567201,2020-07-28 10:42:51,"Indian actress Aishwarya Rai Bachchan and her eight-year old daughter, Aaradhya, have recovered from COVID-19 and left hospital after a 10-day stay, her husband and actor Abhishek Bachchan said on Twitter on Monday (Jul 27).

Meanwhile, Abhishek himself, as well as his father, renowned actor Amitabh Bachchan, 77, are still recovering from the disease caused by the new coronavirus and remain in a Mumbai hospital.

The Bachchans have been the most high-profile of India's growing COVID-19 cases. Amitabh Bachchan and his son tested positive on Jul 11. Rai and Aaradhya tested positive a day later, but were admitted to hospital only on Jul 17, after they developed symptoms, local media reported. Read more on CNA Lifestyle, link in bio. #AishwaryaRai #AbhishekBachchan #AmitabhBachchan #COVID19 #India #celebrity #Bollywood (Photos: Reuters)"
60,2374434122877062555,207567201,2020-08-13 07:23:46,"Israeli jewellers are now crafting what‚Äôs considered to be the world‚Äôs most expensive coronavirus mask.

It costs US$1.5 million, is made out of 18 carat gold, studded with 3,600 black and white diamonds ‚Äì oh, and it will have an N99 filter, in case the future owner wants to go to the supermarket wearing it. ü§î

The creators are a jewellery brand called Yvel and the unnamed client is described as a Chinese art collector living in the US. It‚Äôs said to be completed in October. Read more on CNA Lifestyle, link in bio. #mask #jewellery #facemask #coronavirus #COVID19 (Photo: Reuters)"
61,2382578035752048258,207567201,2020-08-24 13:05:48,"The pop superstar shared what it was like to record her latest album while being pregnant with her first child with fiance Orlando Bloom ‚Äì during the ongoing COVID-19 pandemic. Read more on CNA Lifestyle, link in bio. #KatyPerry #Smile #OrlandoBloom #music #pregnancy #COVID19 #pandemic (Video: Joyee Koo, Genevieve Loh)"
62,2390439053626737503,207567201,2020-09-04 09:22:43,Filming on the set in Britain has temporarily stopped and it‚Äôs not the first time The Batman had a brush with coronavirus. Read more in the link found in our bio. #Batman #RobertPattinson #celebrity #movie #Hollywood #COVID19 #coronavirus (Photo: Reuters)
63,2459382708982739770,207567201,2020-12-08 12:21:27,"GWS Chungha! The Korean singer has gone into self-isolation while other K-pop stars who had been in contact with her were also tested for having a meal together or for using the same salon.

Link in bio for the details. #Chungha #Kpop #singer #COVID19 #Twice #Momoland (Photo: Instagram/chungha_official)"
64,2466727748343979530,207567201,2020-12-18 15:34:44,"Ian McKellen said he was euphoric after receiving his first dose of the Pfizer COVID-19 vaccine and urged everyone who was offered the jab to accept it.

The Lord Of The Rings actor posted a photo on Instagram giving a thumbs up as he received the shot. 

Link in bio for the story. #IanMcKellen #COVID19 #vaccine #Gandalf (Photo: Instagram/ianmckellen)"
65,2481168836395799040,207567201,2021-01-07 13:46:35,"For more than 10 years, a group of cheerleaders have been performing at Tokyo stations to energise morning commuters. But with a record surge in coronavirus infections in Japan, their mission has taken on a new meaning.

‚ÄúWe want to deliver a smile to cheer people up. We're doing this hoping that people can feel even a little bit better,‚Äù said head cheerleader Kumi Asazuma.

Link in bio for details. #Japan #cheerleader #Tokyo #pandemic #coronavirus #COVID19 (Photos: Reuters)"
66,2484670195187322896,207567201,2021-01-12 09:43:10,"Two of them began coughing last week ‚Äì and it‚Äôs the first known instance of natural transmission to great apes.

Link in bio for details. #gorilla #SanDiegoZoo #COVID19 (Photo: AP)"
67,2492584643570995402,207567201,2021-01-23 07:47:46,"It'll be a quieter year that's for sure.

Link in bio for what you need to take note of before welcoming the Year of the Ox.

#CNY #ChineseNewYear #COVID19 #yusheng #lohei (Photo: File photo)"
68,2499952530438989281,207567201,2021-02-02 11:46:26,"Yes, spring cleaning is going to be a bit different this year because of the pandemic. Do you have to keep disinfecting over CNY and how should you handle all those goodies?

Click on the link in bio for the answers if you want to be on the safe side. 

#ChineseNewYear #CNY #springcleaning #cleaning #hygiene #COVID19 #pandemic #home #tips (Art: Pixabay)"
69,2505732195854124558,207567201,2021-02-10 11:09:36,"Some restaurants are now banking on the takeaway one-dish meal to drive sales during this period. 

Link in bio for the story. #Malaysia #ChineseNewYear #COVID19 #food #poonchoi #bakkutteh (Photo: Vincent Tan)"
0,17877030442540884,30656653,2020-02-13 10:54:44,How about GreenDay? ü§î
1,18090607780192265,2165314488,2020-02-18 09:02:32,ü§Ø
2,17924931124371632,9189451249,2020-02-24 19:28:09,Oh no! üé≠
3,17847688060921740,3575007937,2020-02-27 11:36:46,"not trying to add paranoia, but when we are out in the public space, everything we carry or wear is exposed to it, isnt it? how to keep it clean when we are back to our own space if not by being overly ""ocd"" isnt it? sighs to the people who call us being over reacting or over thinking."
4,17844770020999602,12627540,2020-02-28 11:49:11,"It is not funny to do such caption! CNA don‚Äôt be a clown here, be sympathetic, please!"
5,17864889097674313,8313149638,2020-02-28 17:14:44,Actually I ever wonder why no one makes face masks üò∑stylishly fashionable üåà yet affordable. ü§î
6,18131022664051248,2041248741,2020-02-29 14:01:09,Seriously üòÇ
7,17895645892457209,12023197430,2020-03-03 18:06:54,"Aside from donation,do they have the intention of filming a video to thanks s.korea frontline nurses,i do have One Humble Video on CoronaFaceMask to thank them,hope u like it‚ù§Ô∏è‚ù§Ô∏è‚ù§Ô∏è"
8,17870034034615708,2022983657,2020-03-05 12:52:54,even Bond can't defeat Corona
9,17928239107366062,18294273816,2020-03-06 14:52:03,coronakid
10,17845654195988581,3018553739,2020-03-06 14:14:34,who?
11,18108089482100278,26420224673,2020-03-10 14:49:12,"üëèüëèüëèüëèüëèüëèüëèüëèüèÜüèÜüèÜüèÜüèÜüèÜüèÜüèÜ SALUTE TO them both with such A BIG HEART üíñ THUMBS UP, UP AND UP üëçüëçüëç"
12,17849105482936129,606285364,2020-03-11 17:26:07,@yousoke85 don't act hero
13,18133043080027617,28980466,2020-03-12 10:19:40,Oh myyy
14,17846559514993393,6418419046,2020-03-14 08:47:43,Nice one hotel industry‚Äôs publicist - well played.
15,17854910182875200,22683552893,2020-03-19 17:38:51,‚ù§Ô∏è
16,17847749908980972,869773164,2020-03-20 12:05:55,üëè
17,18029020477249682,721696581,2020-03-23 10:49:08,@riosishere
18,17920622248390547,868790813,2020-03-24 10:19:41,@yuyin_ysquare üòÇ
19,17854879498885426,2148621202,2020-03-25 08:14:35,üëè
20,17861707960746055,1380859671,2020-03-25 12:12:42,@siwonchoi üíôüëç
21,17855973475867056,245702139,2020-03-26 10:54:21,Just die lah.... the democratic world doesn‚Äôt need any living Monarchs. Self entitled assholes‚ùóÔ∏è
22,18088811335166240,1175916085,2020-03-26 14:00:22,About time we read more ü§ì
23,17852507371928624,1282981797,2020-03-27 12:17:14,Wasp will be snapped from marvel universe? ü§î
24,17864393113738855,1481799824,2020-04-01 12:16:19,"Not in the mood for any pranks when people are sick, dying and jobs lost"
25,18134730604040863,16365342132,2020-04-02 08:31:48,it is good for eny one take  rest  Mr Cna
26,17859130534819691,3072946022,2020-04-02 08:41:47,@spacebean2k16 haha
27,17846220035055588,28980466,2020-04-03 10:35:10,üò¢üò¢
28,18123189379073146,21467525634,2020-04-05 10:12:58,That's the spirit. Not hoarding unnecessary quantities or panic buying.
29,17865593329736281,12501835091,2020-04-05 10:40:54,Must be a Filipino ahh.. hahaha.. üòÇüòÇ
30,17891684848500974,6348280892,2020-04-11 12:26:55,A noble deedüôå
31,17862125221787474,13446034123,2020-04-11 12:33:42,flfc
32,17853461989925804,1466099635,2020-04-13 16:16:37,üòÇüòÇüòÇ
33,17850630556986497,1937497836,2020-04-14 08:05:35,Stay safe ‚ù§Ô∏è
34,17867488993733004,1937497836,2020-04-15 08:52:38,Stay safe üíó
35,17845183820088730,6018965503,2020-04-16 10:49:04,üëçüëå hats off
36,17872410577631071,6789157223,2020-04-17 09:22:33,Creativity can't  be better than this. This is really cute üòÅü§£
37,17845041614098393,22493773633,2020-04-18 09:38:11,"Hello my brother‚Äôs and sisters in ISLAM I'm an international online old money collector and I just wanna informed you to PM me back if you have any Malaysiaüá≤üáæ,Brunei,Singapore coin or note for sale.WITH ALMIGHTY ALLAH NOTHING IMPOSSIBLE üôèüôèüôè‚úàÔ∏è‚úàÔ∏èüåé"
38,18137500984006192,29874243638,2020-04-19 11:04:53,Rip
39,18116561587098510,31472376051,2020-04-21 08:40:12,I don‚Äôt see anything wrong with this art work.. just my opinion.. ‚úåÔ∏è
40,17864811151779363,1937497836,2020-04-22 08:31:48,We will miss you bubble tea...
41,17872513282670832,34209864167,2020-04-29 08:48:43,Money heist no.1 üôèüèΩ
42,17844381308126116,34209864167,2020-05-02 10:09:33,Where‚Äôs her mask üò∞üò∞üò∞
43,17952175108328270,2076081929,2020-05-13 10:14:10,‚ù§Ô∏è‚ù§Ô∏è‚ù§Ô∏è‚ù§Ô∏è‚ù§Ô∏è‚ù§Ô∏è
44,18103999759130611,10475038,2020-05-19 10:41:24,üëèüëèüëè
45,17884105951593736,8181139,2020-05-27 10:17:25,üò≠
46,18036576064261840,3079969845,2020-06-01 20:25:18,üëèüëèüëèüëèüëçüëçüëç
47,17843833640223145,1224187099,2020-06-12 20:26:11,@djkoflow üî•
48,17879132428722776,7294984324,2020-06-16 13:41:03,expect more cases
49,17893088563530196,36301033390,2020-06-22 11:39:47,"ÊàëÂú® s oo c hiang ÊäïËµÑ‰∫Ü$ 10,000USDÔºåÂπ∂Âú®24Â∞èÊó∂ÂêéËµö‰∫Ü$ 100,000USD„ÄÇÊàëÂæàÈ´òÂÖ¥‰∫∫‰ª¨Â∫îËØ•ËÆ§ËØÜÂ•πËøõË°åÊäïËµÑ„ÄÇÁÇπÂáªÊàëÈ°µÈù¢‰∏äÁöÑÈìæÊé•‰∏éÂ•π‰∏ÄËµ∑ÊäïËµÑ"
50,17879852437658621,3296582691,2020-06-29 13:32:31,Nicee üëèüèª
51,18101010634161125,2853569385,2020-07-06 13:29:56,Rip
52,18141323713070454,1937497836,2020-07-10 10:45:32,üëçüëç
53,18111733354081439,433722559,2020-07-11 09:03:04,Close the door first
54,17951226025353859,5279697771,2020-07-13 09:42:37,oh noes
55,17891728189572088,250191185,2020-07-13 12:05:50,It is funny indeed. After 3 months of CB and school closures we are still not at Red. Wonder under what the circumstances need to be when we are in Doskong Led üòú
56,17847390983240198,34742456503,2020-07-14 17:59:52,@nathanhartono damn sexy üî•
57,17872443166798186,305270753,2020-07-15 08:11:33,You can still scream inside your masks!  Aarrrrggghhh
58,17854651973082096,1569826017,2020-07-16 08:20:09,"All businesses suffer during this period. Among so many brands, Founder taste is the worst, and their staff attitudes are even horrible =( I won't feel pity if it has gone, sorry to say so."
59,17953611259351838,9498346281,2020-07-28 10:43:42,:(
60,17886999412650700,40125306019,2020-08-13 07:26:52,"I bet its going to be a heavy mask that is heavy to breathe, and comes at a heavy price. Its not worth it."
61,17911337998481778,22566025612,2020-08-25 10:38:18,#kp5iscoming
62,17883600616735379,44597431,2020-09-04 09:28:27,How can it be? I thought the cause of COVID started out with a bat?
63,18176657404010798,2959278590,2020-12-08 12:22:55,Wah first time hearing a kpop star tested positive for the virus
64,17879398114992621,2981443134,2020-12-18 15:36:59,You should not pass. But getting vaccinated is a must !
65,17882914030993997,27606560412,2021-01-07 16:00:44,Botsü§°
66,17885196448967848,5693328726,2021-01-12 09:44:07,and they are not wearing mask??üôÑ
67,17990286595318073,16424529389,2021-01-23 09:53:57,We‚Äôll definitely  miss our BanLuck marathon !!!üò∑ü§´ü§ê
68,17844204332522507,1639202651,2021-02-02 11:47:34,Hahahha no visitors so can save more money no need to give red pockets
69,17886327272005414,1907671788,2021-02-10 11:10:40,@ohsukai
